
 /----------------------------------------------------------------------------\
 |                                                                            |
 |  yosys -- Yosys Open SYnthesis Suite                                       |
 |                                                                            |
 |  Copyright (C) 2012 - 2020  Claire Xenia Wolf <claire@yosyshq.com>         |
 |                                                                            |
 |  Permission to use, copy, modify, and/or distribute this software for any  |
 |  purpose with or without fee is hereby granted, provided that the above    |
 |  copyright notice and this permission notice appear in all copies.         |
 |                                                                            |
 |  THE SOFTWARE IS PROVIDED "AS IS" AND THE AUTHOR DISCLAIMS ALL WARRANTIES  |
 |  WITH REGARD TO THIS SOFTWARE INCLUDING ALL IMPLIED WARRANTIES OF          |
 |  MERCHANTABILITY AND FITNESS. IN NO EVENT SHALL THE AUTHOR BE LIABLE FOR   |
 |  ANY SPECIAL, DIRECT, INDIRECT, OR CONSEQUENTIAL DAMAGES OR ANY DAMAGES    |
 |  WHATSOEVER RESULTING FROM LOSS OF USE, DATA OR PROFITS, WHETHER IN AN     |
 |  ACTION OF CONTRACT, NEGLIGENCE OR OTHER TORTIOUS ACTION, ARISING OUT OF   |
 |  OR IN CONNECTION WITH THE USE OR PERFORMANCE OF THIS SOFTWARE.            |
 |                                                                            |
 \----------------------------------------------------------------------------/

 Yosys 0.33 (git sha1 2584903a060)


-- Executing script file `scripts/synth_assce.ys' --

1. Executing Verilog-2005 frontend: rtl/fifo.sv
Parsing SystemVerilog input from `rtl/fifo.sv' to AST representation.
Generating RTLIL representation for module `\fifo'.
Successfully finished Verilog frontend.

2. Executing Verilog-2005 frontend: rtl/feature_extract.sv
Parsing SystemVerilog input from `rtl/feature_extract.sv' to AST representation.
Generating RTLIL representation for module `\feature_extract'.
Successfully finished Verilog frontend.

3. Executing Verilog-2005 frontend: rtl/raese.sv
Parsing SystemVerilog input from `rtl/raese.sv' to AST representation.
Generating RTLIL representation for module `\raese'.
Successfully finished Verilog frontend.

4. Executing Verilog-2005 frontend: rtl/sparse_encoder.sv
Parsing SystemVerilog input from `rtl/sparse_encoder.sv' to AST representation.
Generating RTLIL representation for module `\sparse_encoder'.
Successfully finished Verilog frontend.

5. Executing Verilog-2005 frontend: rtl/scheduler.sv
Parsing SystemVerilog input from `rtl/scheduler.sv' to AST representation.
Generating RTLIL representation for module `\scheduler'.
Successfully finished Verilog frontend.

6. Executing Verilog-2005 frontend: rtl/mac_array.sv
Parsing SystemVerilog input from `rtl/mac_array.sv' to AST representation.
Generating RTLIL representation for module `\mac_array'.
Successfully finished Verilog frontend.

7. Executing Verilog-2005 frontend: rtl/accumulator.sv
Parsing SystemVerilog input from `rtl/accumulator.sv' to AST representation.
Generating RTLIL representation for module `\accumulator'.
Successfully finished Verilog frontend.

8. Executing Verilog-2005 frontend: rtl/top.sv
Parsing SystemVerilog input from `rtl/top.sv' to AST representation.
Generating RTLIL representation for module `\top'.
Successfully finished Verilog frontend.

9. Executing HIERARCHY pass (managing design hierarchy).

9.1. Analyzing design hierarchy..
Top module:  \top
Used module:     \accumulator
Used module:     \mac_array
Used module:     \scheduler
Used module:     \sparse_encoder
Used module:     \raese
Used module:     \feature_extract
Used module:     \fifo
Parameter \NUM_MAC = 4

9.2. Executing AST frontend in derive mode using pre-parsed AST for module `\accumulator'.
Parameter \NUM_MAC = 4
Generating RTLIL representation for module `$paramod\accumulator\NUM_MAC=s32'00000000000000000000000000000100'.
Parameter \NUM_MAC = 4

9.3. Executing AST frontend in derive mode using pre-parsed AST for module `\mac_array'.
Parameter \NUM_MAC = 4
Generating RTLIL representation for module `$paramod\mac_array\NUM_MAC=s32'00000000000000000000000000000100'.
Parameter \DATA_WIDTH = 16
Parameter \DEPTH = 16
Parameter \PTR_WIDTH = 4

9.4. Executing AST frontend in derive mode using pre-parsed AST for module `\fifo'.
Parameter \DATA_WIDTH = 16
Parameter \DEPTH = 16
Parameter \PTR_WIDTH = 4
Generating RTLIL representation for module `$paramod$ecd21929fa1be150b80337ea55723d02e2dee35c\fifo'.

9.5. Analyzing design hierarchy..
Top module:  \top
Used module:     $paramod\accumulator\NUM_MAC=s32'00000000000000000000000000000100
Used module:     $paramod\mac_array\NUM_MAC=s32'00000000000000000000000000000100
Used module:     \scheduler
Used module:     \sparse_encoder
Used module:     \raese
Used module:     \feature_extract
Used module:     $paramod$ecd21929fa1be150b80337ea55723d02e2dee35c\fifo

9.6. Analyzing design hierarchy..
Top module:  \top
Used module:     $paramod\accumulator\NUM_MAC=s32'00000000000000000000000000000100
Used module:     $paramod\mac_array\NUM_MAC=s32'00000000000000000000000000000100
Used module:     \scheduler
Used module:     \sparse_encoder
Used module:     \raese
Used module:     \feature_extract
Used module:     $paramod$ecd21929fa1be150b80337ea55723d02e2dee35c\fifo
Removing unused module `\accumulator'.
Removing unused module `\mac_array'.
Removing unused module `\fifo'.
Removed 3 unused modules.

10. Executing PROC pass (convert processes to netlists).

10.1. Executing PROC_CLEAN pass (remove empty switches from decision trees).
Cleaned up 0 empty switches.

10.2. Executing PROC_RMDEAD pass (remove dead branches from decision trees).
Marked 2 switch rules as full_case in process $proc$rtl/top.sv:288$174 in module top.
Marked 1 switch rules as full_case in process $proc$rtl/top.sv:172$173 in module top.
Marked 3 switch rules as full_case in process $proc$rtl/fifo.sv:26$189 in module $paramod$ecd21929fa1be150b80337ea55723d02e2dee35c\fifo.
Marked 2 switch rules as full_case in process $proc$rtl/mac_array.sv:22$183 in module $paramod\mac_array\NUM_MAC=s32'00000000000000000000000000000100.
Removed 1 dead cases from process $proc$rtl/scheduler.sv:40$137 in module scheduler.
Marked 4 switch rules as full_case in process $proc$rtl/scheduler.sv:40$137 in module scheduler.
Marked 8 switch rules as full_case in process $proc$rtl/sparse_encoder.sv:108$71 in module sparse_encoder.
Marked 7 switch rules as full_case in process $proc$rtl/raese.sv:159$50 in module raese.
Marked 7 switch rules as full_case in process $proc$rtl/raese.sv:0$36 in module raese.
Marked 2 switch rules as full_case in process $proc$rtl/feature_extract.sv:60$34 in module feature_extract.
Marked 2 switch rules as full_case in process $proc$rtl/feature_extract.sv:0$27 in module feature_extract.
Marked 2 switch rules as full_case in process $proc$rtl/accumulator.sv:49$181 in module $paramod\accumulator\NUM_MAC=s32'00000000000000000000000000000100.
Removed a total of 1 dead cases.

10.3. Executing PROC_PRUNE pass (remove redundant assignments in processes).
Removed 10 redundant assignments.
Promoted 30 assignments to connections.

10.4. Executing PROC_INIT pass (extract init attributes).

10.5. Executing PROC_ARST pass (detect async resets in processes).

10.6. Executing PROC_ROM pass (convert switches to ROMs).
Converted 0 switches.
<suppressed ~49 debug messages>

10.7. Executing PROC_MUX pass (convert decision trees to multiplexers).
Creating decoders for process `\top.$proc$rtl/top.sv:0$175'.
Creating decoders for process `\top.$proc$rtl/top.sv:288$174'.
     1/1: $0\mac_busy_reg[0:0]
Creating decoders for process `\top.$proc$rtl/top.sv:172$173'.
     1/1: $0\fifo_data_valid[0:0]
Creating decoders for process `$paramod$ecd21929fa1be150b80337ea55723d02e2dee35c\fifo.$proc$rtl/fifo.sv:26$189'.
     1/10: $2$memwr$\mem$rtl/fifo.sv:38$188_EN[15:0]$200
     2/10: $2$memwr$\mem$rtl/fifo.sv:38$188_DATA[15:0]$199
     3/10: $2$memwr$\mem$rtl/fifo.sv:38$188_ADDR[3:0]$198
     4/10: $0\occupancy[4:0]
     5/10: $1$memwr$\mem$rtl/fifo.sv:38$188_EN[15:0]$195
     6/10: $1$memwr$\mem$rtl/fifo.sv:38$188_DATA[15:0]$194
     7/10: $1$memwr$\mem$rtl/fifo.sv:38$188_ADDR[3:0]$193
     8/10: $0\rd_ptr[3:0]
     9/10: $0\wr_ptr[3:0]
    10/10: $0\rd_data[15:0]
Creating decoders for process `$paramod\mac_array\NUM_MAC=s32'00000000000000000000000000000100.$proc$rtl/mac_array.sv:22$183'.
     1/7: $2\i[31:0]
     2/7: $0\product[63:0] [63:48]
     3/7: $0\product[63:0] [47:32]
     4/7: $0\product[63:0] [31:16]
     5/7: $0\product[63:0] [15:0]
     6/7: $1\i[31:0]
     7/7: $0\valid[0:0]
Creating decoders for process `\scheduler.$proc$rtl/scheduler.sv:40$137'.
     1/6: $0\mac_enable[0:0]
     2/6: $0\fifo_read[0:0]
     3/6: $0\compute_start[0:0]
     4/6: $0\pending_score[15:0]
     5/6: $0\pending_event[0:0]
     6/6: $0\state[1:0]
Creating decoders for process `\sparse_encoder.$proc$rtl/sparse_encoder.sv:108$71'.
     1/46: $4\quantize_unsigned_q8_8$func$rtl/sparse_encoder.sv:166$70.$result[7:0]$136
     2/46: $4\quantize_unsigned_q8_8$func$rtl/sparse_encoder.sv:158$69.$result[7:0]$133
     3/46: $4\quantize_unsigned_q8_8$func$rtl/sparse_encoder.sv:150$68.$result[7:0]$130
     4/46: $5\quantize_signed_q8_8$func$rtl/sparse_encoder.sv:142$67.$result[7:0]$127
     5/46: $4\quantize_signed_q8_8$func$rtl/sparse_encoder.sv:142$67.$result[7:0]$125
     6/46: $3\quantize_unsigned_q8_8$func$rtl/sparse_encoder.sv:166$70.$result[7:0]$120
     7/46: $3\quantize_unsigned_q8_8$func$rtl/sparse_encoder.sv:166$70.temp[31:0]$122
     8/46: $3\quantize_unsigned_q8_8$func$rtl/sparse_encoder.sv:166$70.value[15:0]$121
     9/46: $3\quantize_unsigned_q8_8$func$rtl/sparse_encoder.sv:158$69.$result[7:0]$117
    10/46: $3\quantize_unsigned_q8_8$func$rtl/sparse_encoder.sv:158$69.temp[31:0]$119
    11/46: $3\quantize_unsigned_q8_8$func$rtl/sparse_encoder.sv:158$69.value[15:0]$118
    12/46: $3\quantize_unsigned_q8_8$func$rtl/sparse_encoder.sv:150$68.$result[7:0]$114
    13/46: $3\quantize_unsigned_q8_8$func$rtl/sparse_encoder.sv:150$68.temp[31:0]$116
    14/46: $3\quantize_unsigned_q8_8$func$rtl/sparse_encoder.sv:150$68.value[15:0]$115
    15/46: $3\quantize_signed_q8_8$func$rtl/sparse_encoder.sv:142$67.$result[7:0]$111
    16/46: $3\quantize_signed_q8_8$func$rtl/sparse_encoder.sv:142$67.temp[31:0]$113
    17/46: $3\quantize_signed_q8_8$func$rtl/sparse_encoder.sv:142$67.value[15:0]$112
    18/46: $2\quantize_unsigned_q8_8$func$rtl/sparse_encoder.sv:166$70.temp[31:0]$107
    19/46: $2\quantize_unsigned_q8_8$func$rtl/sparse_encoder.sv:166$70.value[15:0]$106
    20/46: $2\quantize_unsigned_q8_8$func$rtl/sparse_encoder.sv:166$70.$result[7:0]$105
    21/46: $2\quantize_unsigned_q8_8$func$rtl/sparse_encoder.sv:158$69.temp[31:0]$104
    22/46: $2\quantize_unsigned_q8_8$func$rtl/sparse_encoder.sv:158$69.value[15:0]$103
    23/46: $2\quantize_unsigned_q8_8$func$rtl/sparse_encoder.sv:158$69.$result[7:0]$102
    24/46: $2\quantize_unsigned_q8_8$func$rtl/sparse_encoder.sv:150$68.temp[31:0]$101
    25/46: $2\quantize_unsigned_q8_8$func$rtl/sparse_encoder.sv:150$68.value[15:0]$100
    26/46: $2\quantize_unsigned_q8_8$func$rtl/sparse_encoder.sv:150$68.$result[7:0]$99
    27/46: $2\quantize_signed_q8_8$func$rtl/sparse_encoder.sv:142$67.temp[31:0]$98
    28/46: $2\quantize_signed_q8_8$func$rtl/sparse_encoder.sv:142$67.value[15:0]$97
    29/46: $2\quantize_signed_q8_8$func$rtl/sparse_encoder.sv:142$67.$result[7:0]$96
    30/46: $0\feature_valid[0:0]
    31/46: $1\quantize_unsigned_q8_8$func$rtl/sparse_encoder.sv:166$70.temp[31:0]$95
    32/46: $1\quantize_unsigned_q8_8$func$rtl/sparse_encoder.sv:166$70.value[15:0]$94
    33/46: $1\quantize_unsigned_q8_8$func$rtl/sparse_encoder.sv:166$70.$result[7:0]$93
    34/46: $1\quantize_unsigned_q8_8$func$rtl/sparse_encoder.sv:158$69.temp[31:0]$92
    35/46: $1\quantize_unsigned_q8_8$func$rtl/sparse_encoder.sv:158$69.value[15:0]$91
    36/46: $1\quantize_unsigned_q8_8$func$rtl/sparse_encoder.sv:158$69.$result[7:0]$90
    37/46: $1\quantize_unsigned_q8_8$func$rtl/sparse_encoder.sv:150$68.temp[31:0]$89
    38/46: $1\quantize_unsigned_q8_8$func$rtl/sparse_encoder.sv:150$68.value[15:0]$88
    39/46: $1\quantize_unsigned_q8_8$func$rtl/sparse_encoder.sv:150$68.$result[7:0]$87
    40/46: $1\quantize_signed_q8_8$func$rtl/sparse_encoder.sv:142$67.temp[31:0]$86
    41/46: $1\quantize_signed_q8_8$func$rtl/sparse_encoder.sv:142$67.value[15:0]$85
    42/46: $1\quantize_signed_q8_8$func$rtl/sparse_encoder.sv:142$67.$result[7:0]$84
    43/46: $0\feature_3[7:0]
    44/46: $0\feature_2[7:0]
    45/46: $0\feature_1[7:0]
    46/46: $0\feature_0[7:0]
Creating decoders for process `\raese.$proc$rtl/raese.sv:159$50'.
     1/8: $0\event_valid[0:0]
     2/8: $0\trend_count[31:0]
     3/8: $0\trend_direction[1:0]
     4/8: $0\baseline_initialized[0:0]
     5/8: $0\deviation[15:0]
     6/8: $0\baseline[15:0]
     7/8: $0\event_score[15:0]
     8/8: $0\event_type[1:0]
Creating decoders for process `\raese.$proc$rtl/raese.sv:0$36'.
     1/11: $6\next_trend_count[31:0]
     2/11: $5\next_trend_count[31:0]
     3/11: $4\next_trend_direction[1:0]
     4/11: $4\next_trend_count[31:0]
     5/11: $3\next_trend_direction[1:0]
     6/11: $3\next_trend_count[31:0]
     7/11: $2\next_trend_count[31:0]
     8/11: $2\next_trend_direction[1:0]
     9/11: $1\next_trend_count[31:0]
    10/11: $1\next_trend_direction[1:0]
    11/11: $1\deviation_ext[16:0]
Creating decoders for process `\feature_extract.$proc$rtl/feature_extract.sv:60$34'.
     1/7: $0\feature_valid[0:0]
     2/7: $0\have_previous[0:0]
     3/7: $0\previous_delta_mag[15:0]
     4/7: $0\previous_temperature[15:0]
     5/7: $0\acceleration[15:0]
     6/7: $0\delta_mag[15:0]
     7/7: $0\delta[15:0]
Creating decoders for process `\feature_extract.$proc$rtl/feature_extract.sv:0$27'.
     1/2: $1\acceleration_ext[16:0]
     2/2: $1\delta_mag_ext[16:0]
Creating decoders for process `$paramod\accumulator\NUM_MAC=s32'00000000000000000000000000000100.$proc$rtl/accumulator.sv:49$181'.
     1/2: $0\valid[0:0]
     2/2: $0\accumulated_value[31:0]
Creating decoders for process `$paramod\accumulator\NUM_MAC=s32'00000000000000000000000000000100.$proc$rtl/accumulator.sv:0$176'.

10.8. Executing PROC_DLATCH pass (convert process syncs to latches).
No latch inferred for signal `\top.\mac_data' from process `\top.$proc$rtl/top.sv:0$175'.
No latch inferred for signal `\raese.\deviation_ext' from process `\raese.$proc$rtl/raese.sv:0$36'.
No latch inferred for signal `\raese.\acceleration_x2' from process `\raese.$proc$rtl/raese.sv:0$36'.
No latch inferred for signal `\raese.\score_ext' from process `\raese.$proc$rtl/raese.sv:0$36'.
No latch inferred for signal `\raese.\next_trend_direction' from process `\raese.$proc$rtl/raese.sv:0$36'.
No latch inferred for signal `\raese.\next_trend_count' from process `\raese.$proc$rtl/raese.sv:0$36'.
No latch inferred for signal `\feature_extract.\delta_temp_ext' from process `\feature_extract.$proc$rtl/feature_extract.sv:0$27'.
No latch inferred for signal `\feature_extract.\delta_mag_ext' from process `\feature_extract.$proc$rtl/feature_extract.sv:0$27'.
No latch inferred for signal `\feature_extract.\acceleration_ext' from process `\feature_extract.$proc$rtl/feature_extract.sv:0$27'.
No latch inferred for signal `$paramod\accumulator\NUM_MAC=s32'00000000000000000000000000000100.\i' from process `$paramod\accumulator\NUM_MAC=s32'00000000000000000000000000000100.$proc$rtl/accumulator.sv:0$176'.
No latch inferred for signal `$paramod\accumulator\NUM_MAC=s32'00000000000000000000000000000100.\product_sum' from process `$paramod\accumulator\NUM_MAC=s32'00000000000000000000000000000100.$proc$rtl/accumulator.sv:0$176'.

10.9. Executing PROC_DFF pass (convert process syncs to FFs).
Creating register for signal `\top.\mac_busy_reg' using process `\top.$proc$rtl/top.sv:288$174'.
  created $dff cell `$procdff$925' with positive edge clock.
Creating register for signal `\top.\fifo_data_valid' using process `\top.$proc$rtl/top.sv:172$173'.
  created $dff cell `$procdff$926' with positive edge clock.
Creating register for signal `$paramod$ecd21929fa1be150b80337ea55723d02e2dee35c\fifo.\rd_data' using process `$paramod$ecd21929fa1be150b80337ea55723d02e2dee35c\fifo.$proc$rtl/fifo.sv:26$189'.
  created $dff cell `$procdff$927' with positive edge clock.
Creating register for signal `$paramod$ecd21929fa1be150b80337ea55723d02e2dee35c\fifo.\occupancy' using process `$paramod$ecd21929fa1be150b80337ea55723d02e2dee35c\fifo.$proc$rtl/fifo.sv:26$189'.
  created $dff cell `$procdff$928' with positive edge clock.
Creating register for signal `$paramod$ecd21929fa1be150b80337ea55723d02e2dee35c\fifo.\wr_ptr' using process `$paramod$ecd21929fa1be150b80337ea55723d02e2dee35c\fifo.$proc$rtl/fifo.sv:26$189'.
  created $dff cell `$procdff$929' with positive edge clock.
Creating register for signal `$paramod$ecd21929fa1be150b80337ea55723d02e2dee35c\fifo.\rd_ptr' using process `$paramod$ecd21929fa1be150b80337ea55723d02e2dee35c\fifo.$proc$rtl/fifo.sv:26$189'.
  created $dff cell `$procdff$930' with positive edge clock.
Creating register for signal `$paramod$ecd21929fa1be150b80337ea55723d02e2dee35c\fifo.$memwr$\mem$rtl/fifo.sv:38$188_ADDR' using process `$paramod$ecd21929fa1be150b80337ea55723d02e2dee35c\fifo.$proc$rtl/fifo.sv:26$189'.
  created $dff cell `$procdff$931' with positive edge clock.
Creating register for signal `$paramod$ecd21929fa1be150b80337ea55723d02e2dee35c\fifo.$memwr$\mem$rtl/fifo.sv:38$188_DATA' using process `$paramod$ecd21929fa1be150b80337ea55723d02e2dee35c\fifo.$proc$rtl/fifo.sv:26$189'.
  created $dff cell `$procdff$932' with positive edge clock.
Creating register for signal `$paramod$ecd21929fa1be150b80337ea55723d02e2dee35c\fifo.$memwr$\mem$rtl/fifo.sv:38$188_EN' using process `$paramod$ecd21929fa1be150b80337ea55723d02e2dee35c\fifo.$proc$rtl/fifo.sv:26$189'.
  created $dff cell `$procdff$933' with positive edge clock.
Creating register for signal `$paramod\mac_array\NUM_MAC=s32'00000000000000000000000000000100.\product' using process `$paramod\mac_array\NUM_MAC=s32'00000000000000000000000000000100.$proc$rtl/mac_array.sv:22$183'.
  created $dff cell `$procdff$934' with positive edge clock.
Creating register for signal `$paramod\mac_array\NUM_MAC=s32'00000000000000000000000000000100.\valid' using process `$paramod\mac_array\NUM_MAC=s32'00000000000000000000000000000100.$proc$rtl/mac_array.sv:22$183'.
  created $dff cell `$procdff$935' with positive edge clock.
Creating register for signal `$paramod\mac_array\NUM_MAC=s32'00000000000000000000000000000100.\i' using process `$paramod\mac_array\NUM_MAC=s32'00000000000000000000000000000100.$proc$rtl/mac_array.sv:22$183'.
  created $dff cell `$procdff$936' with positive edge clock.
Creating register for signal `\scheduler.\compute_start' using process `\scheduler.$proc$rtl/scheduler.sv:40$137'.
  created $dff cell `$procdff$937' with positive edge clock.
Creating register for signal `\scheduler.\fifo_read' using process `\scheduler.$proc$rtl/scheduler.sv:40$137'.
  created $dff cell `$procdff$938' with positive edge clock.
Creating register for signal `\scheduler.\mac_enable' using process `\scheduler.$proc$rtl/scheduler.sv:40$137'.
  created $dff cell `$procdff$939' with positive edge clock.
Creating register for signal `\scheduler.\state' using process `\scheduler.$proc$rtl/scheduler.sv:40$137'.
  created $dff cell `$procdff$940' with positive edge clock.
Creating register for signal `\scheduler.\pending_event' using process `\scheduler.$proc$rtl/scheduler.sv:40$137'.
  created $dff cell `$procdff$941' with positive edge clock.
Creating register for signal `\scheduler.\pending_score' using process `\scheduler.$proc$rtl/scheduler.sv:40$137'.
  created $dff cell `$procdff$942' with positive edge clock.
Creating register for signal `\sparse_encoder.\feature_valid' using process `\sparse_encoder.$proc$rtl/sparse_encoder.sv:108$71'.
  created $dff cell `$procdff$943' with positive edge clock.
Creating register for signal `\sparse_encoder.\feature_0' using process `\sparse_encoder.$proc$rtl/sparse_encoder.sv:108$71'.
  created $dff cell `$procdff$944' with positive edge clock.
Creating register for signal `\sparse_encoder.\feature_1' using process `\sparse_encoder.$proc$rtl/sparse_encoder.sv:108$71'.
  created $dff cell `$procdff$945' with positive edge clock.
Creating register for signal `\sparse_encoder.\feature_2' using process `\sparse_encoder.$proc$rtl/sparse_encoder.sv:108$71'.
  created $dff cell `$procdff$946' with positive edge clock.
Creating register for signal `\sparse_encoder.\feature_3' using process `\sparse_encoder.$proc$rtl/sparse_encoder.sv:108$71'.
  created $dff cell `$procdff$947' with positive edge clock.
Creating register for signal `\sparse_encoder.\quantize_signed_q8_8$func$rtl/sparse_encoder.sv:142$67.$result' using process `\sparse_encoder.$proc$rtl/sparse_encoder.sv:108$71'.
  created $dff cell `$procdff$948' with positive edge clock.
Creating register for signal `\sparse_encoder.\quantize_signed_q8_8$func$rtl/sparse_encoder.sv:142$67.value' using process `\sparse_encoder.$proc$rtl/sparse_encoder.sv:108$71'.
  created $dff cell `$procdff$949' with positive edge clock.
Creating register for signal `\sparse_encoder.\quantize_signed_q8_8$func$rtl/sparse_encoder.sv:142$67.temp' using process `\sparse_encoder.$proc$rtl/sparse_encoder.sv:108$71'.
  created $dff cell `$procdff$950' with positive edge clock.
Creating register for signal `\sparse_encoder.\quantize_unsigned_q8_8$func$rtl/sparse_encoder.sv:150$68.$result' using process `\sparse_encoder.$proc$rtl/sparse_encoder.sv:108$71'.
  created $dff cell `$procdff$951' with positive edge clock.
Creating register for signal `\sparse_encoder.\quantize_unsigned_q8_8$func$rtl/sparse_encoder.sv:150$68.value' using process `\sparse_encoder.$proc$rtl/sparse_encoder.sv:108$71'.
  created $dff cell `$procdff$952' with positive edge clock.
Creating register for signal `\sparse_encoder.\quantize_unsigned_q8_8$func$rtl/sparse_encoder.sv:150$68.temp' using process `\sparse_encoder.$proc$rtl/sparse_encoder.sv:108$71'.
  created $dff cell `$procdff$953' with positive edge clock.
Creating register for signal `\sparse_encoder.\quantize_unsigned_q8_8$func$rtl/sparse_encoder.sv:158$69.$result' using process `\sparse_encoder.$proc$rtl/sparse_encoder.sv:108$71'.
  created $dff cell `$procdff$954' with positive edge clock.
Creating register for signal `\sparse_encoder.\quantize_unsigned_q8_8$func$rtl/sparse_encoder.sv:158$69.value' using process `\sparse_encoder.$proc$rtl/sparse_encoder.sv:108$71'.
  created $dff cell `$procdff$955' with positive edge clock.
Creating register for signal `\sparse_encoder.\quantize_unsigned_q8_8$func$rtl/sparse_encoder.sv:158$69.temp' using process `\sparse_encoder.$proc$rtl/sparse_encoder.sv:108$71'.
  created $dff cell `$procdff$956' with positive edge clock.
Creating register for signal `\sparse_encoder.\quantize_unsigned_q8_8$func$rtl/sparse_encoder.sv:166$70.$result' using process `\sparse_encoder.$proc$rtl/sparse_encoder.sv:108$71'.
  created $dff cell `$procdff$957' with positive edge clock.
Creating register for signal `\sparse_encoder.\quantize_unsigned_q8_8$func$rtl/sparse_encoder.sv:166$70.value' using process `\sparse_encoder.$proc$rtl/sparse_encoder.sv:108$71'.
  created $dff cell `$procdff$958' with positive edge clock.
Creating register for signal `\sparse_encoder.\quantize_unsigned_q8_8$func$rtl/sparse_encoder.sv:166$70.temp' using process `\sparse_encoder.$proc$rtl/sparse_encoder.sv:108$71'.
  created $dff cell `$procdff$959' with positive edge clock.
Creating register for signal `\raese.\event_valid' using process `\raese.$proc$rtl/raese.sv:159$50'.
  created $dff cell `$procdff$960' with positive edge clock.
Creating register for signal `\raese.\event_type' using process `\raese.$proc$rtl/raese.sv:159$50'.
  created $dff cell `$procdff$961' with positive edge clock.
Creating register for signal `\raese.\event_score' using process `\raese.$proc$rtl/raese.sv:159$50'.
  created $dff cell `$procdff$962' with positive edge clock.
Creating register for signal `\raese.\baseline' using process `\raese.$proc$rtl/raese.sv:159$50'.
  created $dff cell `$procdff$963' with positive edge clock.
Creating register for signal `\raese.\deviation' using process `\raese.$proc$rtl/raese.sv:159$50'.
  created $dff cell `$procdff$964' with positive edge clock.
Creating register for signal `\raese.\baseline_initialized' using process `\raese.$proc$rtl/raese.sv:159$50'.
  created $dff cell `$procdff$965' with positive edge clock.
Creating register for signal `\raese.\trend_direction' using process `\raese.$proc$rtl/raese.sv:159$50'.
  created $dff cell `$procdff$966' with positive edge clock.
Creating register for signal `\raese.\trend_count' using process `\raese.$proc$rtl/raese.sv:159$50'.
  created $dff cell `$procdff$967' with positive edge clock.
Creating register for signal `\feature_extract.\delta' using process `\feature_extract.$proc$rtl/feature_extract.sv:60$34'.
  created $dff cell `$procdff$968' with positive edge clock.
Creating register for signal `\feature_extract.\delta_mag' using process `\feature_extract.$proc$rtl/feature_extract.sv:60$34'.
  created $dff cell `$procdff$969' with positive edge clock.
Creating register for signal `\feature_extract.\acceleration' using process `\feature_extract.$proc$rtl/feature_extract.sv:60$34'.
  created $dff cell `$procdff$970' with positive edge clock.
Creating register for signal `\feature_extract.\feature_valid' using process `\feature_extract.$proc$rtl/feature_extract.sv:60$34'.
  created $dff cell `$procdff$971' with positive edge clock.
Creating register for signal `\feature_extract.\previous_temperature' using process `\feature_extract.$proc$rtl/feature_extract.sv:60$34'.
  created $dff cell `$procdff$972' with positive edge clock.
Creating register for signal `\feature_extract.\previous_delta_mag' using process `\feature_extract.$proc$rtl/feature_extract.sv:60$34'.
  created $dff cell `$procdff$973' with positive edge clock.
Creating register for signal `\feature_extract.\have_previous' using process `\feature_extract.$proc$rtl/feature_extract.sv:60$34'.
  created $dff cell `$procdff$974' with positive edge clock.
Creating register for signal `$paramod\accumulator\NUM_MAC=s32'00000000000000000000000000000100.\valid' using process `$paramod\accumulator\NUM_MAC=s32'00000000000000000000000000000100.$proc$rtl/accumulator.sv:49$181'.
  created $dff cell `$procdff$975' with positive edge clock.
Creating register for signal `$paramod\accumulator\NUM_MAC=s32'00000000000000000000000000000100.\accumulated_value' using process `$paramod\accumulator\NUM_MAC=s32'00000000000000000000000000000100.$proc$rtl/accumulator.sv:49$181'.
  created $dff cell `$procdff$976' with positive edge clock.

10.10. Executing PROC_MEMWR pass (convert process memory writes to cells).

10.11. Executing PROC_CLEAN pass (remove empty switches from decision trees).
Removing empty process `top.$proc$rtl/top.sv:0$175'.
Found and cleaned up 3 empty switches in `\top.$proc$rtl/top.sv:288$174'.
Removing empty process `top.$proc$rtl/top.sv:288$174'.
Found and cleaned up 1 empty switch in `\top.$proc$rtl/top.sv:172$173'.
Removing empty process `top.$proc$rtl/top.sv:172$173'.
Found and cleaned up 4 empty switches in `$paramod$ecd21929fa1be150b80337ea55723d02e2dee35c\fifo.$proc$rtl/fifo.sv:26$189'.
Removing empty process `$paramod$ecd21929fa1be150b80337ea55723d02e2dee35c\fifo.$proc$rtl/fifo.sv:26$189'.
Found and cleaned up 2 empty switches in `$paramod\mac_array\NUM_MAC=s32'00000000000000000000000000000100.$proc$rtl/mac_array.sv:22$183'.
Removing empty process `$paramod\mac_array\NUM_MAC=s32'00000000000000000000000000000100.$proc$rtl/mac_array.sv:22$183'.
Found and cleaned up 8 empty switches in `\scheduler.$proc$rtl/scheduler.sv:40$137'.
Removing empty process `scheduler.$proc$rtl/scheduler.sv:40$137'.
Found and cleaned up 8 empty switches in `\sparse_encoder.$proc$rtl/sparse_encoder.sv:108$71'.
Removing empty process `sparse_encoder.$proc$rtl/sparse_encoder.sv:108$71'.
Found and cleaned up 8 empty switches in `\raese.$proc$rtl/raese.sv:159$50'.
Removing empty process `raese.$proc$rtl/raese.sv:159$50'.
Found and cleaned up 7 empty switches in `\raese.$proc$rtl/raese.sv:0$36'.
Removing empty process `raese.$proc$rtl/raese.sv:0$36'.
Found and cleaned up 3 empty switches in `\feature_extract.$proc$rtl/feature_extract.sv:60$34'.
Removing empty process `feature_extract.$proc$rtl/feature_extract.sv:60$34'.
Found and cleaned up 2 empty switches in `\feature_extract.$proc$rtl/feature_extract.sv:0$27'.
Removing empty process `feature_extract.$proc$rtl/feature_extract.sv:0$27'.
Found and cleaned up 3 empty switches in `$paramod\accumulator\NUM_MAC=s32'00000000000000000000000000000100.$proc$rtl/accumulator.sv:49$181'.
Removing empty process `$paramod\accumulator\NUM_MAC=s32'00000000000000000000000000000100.$proc$rtl/accumulator.sv:49$181'.
Removing empty process `$paramod\accumulator\NUM_MAC=s32'00000000000000000000000000000100.$proc$rtl/accumulator.sv:0$176'.
Cleaned up 49 empty switches.

10.12. Executing OPT_EXPR pass (perform const folding).
Optimizing module top.
Optimizing module $paramod$ecd21929fa1be150b80337ea55723d02e2dee35c\fifo.
<suppressed ~1 debug messages>
Optimizing module $paramod\mac_array\NUM_MAC=s32'00000000000000000000000000000100.
Optimizing module scheduler.
<suppressed ~4 debug messages>
Optimizing module sparse_encoder.
<suppressed ~4 debug messages>
Optimizing module raese.
<suppressed ~12 debug messages>
Optimizing module feature_extract.
<suppressed ~6 debug messages>
Optimizing module $paramod\accumulator\NUM_MAC=s32'00000000000000000000000000000100.

11. Executing OPT pass (performing simple optimizations).

11.1. Executing OPT_EXPR pass (perform const folding).
Optimizing module top.
Optimizing module $paramod$ecd21929fa1be150b80337ea55723d02e2dee35c\fifo.
Optimizing module $paramod\mac_array\NUM_MAC=s32'00000000000000000000000000000100.
Optimizing module scheduler.
Optimizing module sparse_encoder.
Optimizing module raese.
Optimizing module feature_extract.
Optimizing module $paramod\accumulator\NUM_MAC=s32'00000000000000000000000000000100.
<suppressed ~1 debug messages>

11.2. Executing OPT_MERGE pass (detect identical cells).
Finding identical cells in module `\top'.
Finding identical cells in module `$paramod$ecd21929fa1be150b80337ea55723d02e2dee35c\fifo'.
<suppressed ~12 debug messages>
Finding identical cells in module `$paramod\mac_array\NUM_MAC=s32'00000000000000000000000000000100'.
Finding identical cells in module `\scheduler'.
<suppressed ~48 debug messages>
Finding identical cells in module `\sparse_encoder'.
<suppressed ~27 debug messages>
Finding identical cells in module `\raese'.
<suppressed ~6 debug messages>
Finding identical cells in module `\feature_extract'.
Finding identical cells in module `$paramod\accumulator\NUM_MAC=s32'00000000000000000000000000000100'.
Removed a total of 31 cells.

11.3. Executing OPT_MUXTREE pass (detect dead branches in mux trees).
Running muxtree optimizer on module \top..
  Creating internal representation of mux trees.
  Evaluating internal representation of mux trees.
  Analyzing evaluation results.
Running muxtree optimizer on module $paramod$ecd21929fa1be150b80337ea55723d02e2dee35c\fifo..
  Creating internal representation of mux trees.
  Evaluating internal representation of mux trees.
  Analyzing evaluation results.
    dead port 1/2 on $mux $procmux$241.
    dead port 1/2 on $mux $procmux$235.
    dead port 1/2 on $mux $procmux$229.
Running muxtree optimizer on module $paramod\mac_array\NUM_MAC=s32'00000000000000000000000000000100..
  Creating internal representation of mux trees.
  Evaluating internal representation of mux trees.
  Analyzing evaluation results.
    dead port 1/2 on $mux $procmux$279.
Running muxtree optimizer on module \scheduler..
  Creating internal representation of mux trees.
  Evaluating internal representation of mux trees.
  Analyzing evaluation results.
Running muxtree optimizer on module \sparse_encoder..
  Creating internal representation of mux trees.
  Evaluating internal representation of mux trees.
  Analyzing evaluation results.
    dead port 1/2 on $mux $procmux$659.
    dead port 2/2 on $mux $procmux$659.
    dead port 1/2 on $mux $procmux$656.
    dead port 2/2 on $mux $procmux$656.
    dead port 1/2 on $mux $procmux$653.
    dead port 2/2 on $mux $procmux$653.
    dead port 1/2 on $mux $procmux$650.
    dead port 2/2 on $mux $procmux$650.
    dead port 1/2 on $mux $procmux$647.
    dead port 2/2 on $mux $procmux$647.
    dead port 1/2 on $mux $procmux$644.
    dead port 2/2 on $mux $procmux$644.
    dead port 1/2 on $mux $procmux$641.
    dead port 2/2 on $mux $procmux$641.
    dead port 1/2 on $mux $procmux$638.
    dead port 2/2 on $mux $procmux$638.
    dead port 1/2 on $mux $procmux$635.
    dead port 2/2 on $mux $procmux$635.
    dead port 1/2 on $mux $procmux$632.
    dead port 2/2 on $mux $procmux$632.
    dead port 1/2 on $mux $procmux$629.
    dead port 2/2 on $mux $procmux$629.
    dead port 1/2 on $mux $procmux$626.
    dead port 2/2 on $mux $procmux$626.
    dead port 1/2 on $mux $procmux$614.
    dead port 2/2 on $mux $procmux$614.
    dead port 1/2 on $mux $procmux$611.
    dead port 2/2 on $mux $procmux$611.
    dead port 1/2 on $mux $procmux$608.
    dead port 2/2 on $mux $procmux$608.
    dead port 1/2 on $mux $procmux$605.
    dead port 2/2 on $mux $procmux$605.
    dead port 1/2 on $mux $procmux$602.
    dead port 2/2 on $mux $procmux$602.
    dead port 1/2 on $mux $procmux$599.
    dead port 2/2 on $mux $procmux$599.
    dead port 1/2 on $mux $procmux$596.
    dead port 2/2 on $mux $procmux$596.
    dead port 1/2 on $mux $procmux$593.
    dead port 2/2 on $mux $procmux$593.
    dead port 1/2 on $mux $procmux$590.
    dead port 2/2 on $mux $procmux$590.
    dead port 1/2 on $mux $procmux$587.
    dead port 2/2 on $mux $procmux$587.
    dead port 1/2 on $mux $procmux$584.
    dead port 2/2 on $mux $procmux$584.
    dead port 1/2 on $mux $procmux$581.
    dead port 2/2 on $mux $procmux$581.
    dead port 1/2 on $mux $procmux$578.
    dead port 2/2 on $mux $procmux$578.
    dead port 1/2 on $mux $procmux$575.
    dead port 2/2 on $mux $procmux$575.
    dead port 1/2 on $mux $procmux$572.
    dead port 2/2 on $mux $procmux$572.
    dead port 1/2 on $mux $procmux$569.
    dead port 2/2 on $mux $procmux$569.
    dead port 1/2 on $mux $procmux$566.
    dead port 2/2 on $mux $procmux$566.
    dead port 1/2 on $mux $procmux$563.
    dead port 2/2 on $mux $procmux$563.
    dead port 1/2 on $mux $procmux$560.
    dead port 2/2 on $mux $procmux$560.
    dead port 1/2 on $mux $procmux$557.
    dead port 2/2 on $mux $procmux$557.
    dead port 1/2 on $mux $procmux$554.
    dead port 2/2 on $mux $procmux$554.
    dead port 1/2 on $mux $procmux$551.
    dead port 2/2 on $mux $procmux$551.
    dead port 1/2 on $mux $procmux$548.
    dead port 2/2 on $mux $procmux$548.
    dead port 1/2 on $mux $procmux$545.
    dead port 2/2 on $mux $procmux$545.
    dead port 1/2 on $mux $procmux$542.
    dead port 2/2 on $mux $procmux$542.
    dead port 1/2 on $mux $procmux$539.
    dead port 2/2 on $mux $procmux$539.
    dead port 1/2 on $mux $procmux$537.
    dead port 2/2 on $mux $procmux$537.
    dead port 1/2 on $mux $procmux$533.
    dead port 2/2 on $mux $procmux$533.
    dead port 1/2 on $mux $procmux$530.
    dead port 2/2 on $mux $procmux$530.
    dead port 1/2 on $mux $procmux$528.
    dead port 2/2 on $mux $procmux$528.
    dead port 1/2 on $mux $procmux$524.
    dead port 2/2 on $mux $procmux$524.
    dead port 1/2 on $mux $procmux$521.
    dead port 2/2 on $mux $procmux$521.
    dead port 1/2 on $mux $procmux$519.
    dead port 2/2 on $mux $procmux$519.
    dead port 1/2 on $mux $procmux$515.
    dead port 2/2 on $mux $procmux$515.
    dead port 1/2 on $mux $procmux$512.
    dead port 2/2 on $mux $procmux$512.
    dead port 1/2 on $mux $procmux$510.
    dead port 2/2 on $mux $procmux$510.
    dead port 1/2 on $mux $procmux$506.
    dead port 2/2 on $mux $procmux$506.
    dead port 1/2 on $mux $procmux$503.
    dead port 2/2 on $mux $procmux$503.
    dead port 1/2 on $mux $procmux$501.
    dead port 2/2 on $mux $procmux$501.
    dead port 1/2 on $mux $procmux$497.
    dead port 2/2 on $mux $procmux$497.
    dead port 1/2 on $mux $procmux$494.
    dead port 2/2 on $mux $procmux$494.
    dead port 1/2 on $mux $procmux$492.
    dead port 2/2 on $mux $procmux$492.
    dead port 1/2 on $mux $procmux$488.
    dead port 2/2 on $mux $procmux$488.
    dead port 1/2 on $mux $procmux$485.
    dead port 2/2 on $mux $procmux$485.
    dead port 1/2 on $mux $procmux$483.
    dead port 2/2 on $mux $procmux$483.
    dead port 1/2 on $mux $procmux$479.
    dead port 2/2 on $mux $procmux$479.
    dead port 1/2 on $mux $procmux$476.
    dead port 2/2 on $mux $procmux$476.
    dead port 1/2 on $mux $procmux$474.
    dead port 2/2 on $mux $procmux$474.
    dead port 1/2 on $mux $procmux$470.
    dead port 2/2 on $mux $procmux$470.
    dead port 1/2 on $mux $procmux$467.
    dead port 2/2 on $mux $procmux$467.
    dead port 1/2 on $mux $procmux$465.
    dead port 2/2 on $mux $procmux$465.
    dead port 1/2 on $mux $procmux$461.
    dead port 2/2 on $mux $procmux$461.
    dead port 1/2 on $mux $procmux$458.
    dead port 2/2 on $mux $procmux$458.
    dead port 1/2 on $mux $procmux$456.
    dead port 2/2 on $mux $procmux$456.
    dead port 1/2 on $mux $procmux$452.
    dead port 2/2 on $mux $procmux$452.
    dead port 1/2 on $mux $procmux$449.
    dead port 2/2 on $mux $procmux$449.
    dead port 1/2 on $mux $procmux$447.
    dead port 2/2 on $mux $procmux$447.
    dead port 1/2 on $mux $procmux$443.
    dead port 2/2 on $mux $procmux$443.
    dead port 1/2 on $mux $procmux$440.
    dead port 2/2 on $mux $procmux$440.
    dead port 1/2 on $mux $procmux$438.
    dead port 2/2 on $mux $procmux$438.
    dead port 1/2 on $mux $procmux$434.
    dead port 2/2 on $mux $procmux$431.
    dead port 2/2 on $mux $procmux$429.
    dead port 1/2 on $mux $procmux$422.
    dead port 2/2 on $mux $procmux$419.
    dead port 2/2 on $mux $procmux$417.
    dead port 1/2 on $mux $procmux$415.
    dead port 1/2 on $mux $procmux$407.
    dead port 2/2 on $mux $procmux$404.
    dead port 2/2 on $mux $procmux$402.
    dead port 1/2 on $mux $procmux$395.
    dead port 2/2 on $mux $procmux$392.
    dead port 2/2 on $mux $procmux$390.
    dead port 1/2 on $mux $procmux$383.
    dead port 2/2 on $mux $procmux$380.
    dead port 2/2 on $mux $procmux$378.
Running muxtree optimizer on module \raese..
  Creating internal representation of mux trees.
  Evaluating internal representation of mux trees.
      Replacing known input bits on port B of cell $procmux$722: \baseline_initialized -> 1'1
  Analyzing evaluation results.
    dead port 2/2 on $mux $procmux$837.
    dead port 2/2 on $mux $procmux$831.
    dead port 2/2 on $mux $procmux$825.
    dead port 2/2 on $mux $procmux$823.
    dead port 1/2 on $mux $procmux$816.
    dead port 1/2 on $mux $procmux$810.
    dead port 1/2 on $mux $procmux$804.
    dead port 2/2 on $mux $procmux$801.
    dead port 1/2 on $mux $procmux$795.
    dead port 2/2 on $mux $procmux$792.
    dead port 1/2 on $mux $procmux$786.
    dead port 2/2 on $mux $procmux$783.
    dead port 2/2 on $mux $procmux$781.
Running muxtree optimizer on module \feature_extract..
  Creating internal representation of mux trees.
  Evaluating internal representation of mux trees.
      Replacing known input bits on port B of cell $procmux$857: \have_previous -> 1'1
  Analyzing evaluation results.
Running muxtree optimizer on module $paramod\accumulator\NUM_MAC=s32'00000000000000000000000000000100..
  Creating internal representation of mux trees.
  Evaluating internal representation of mux trees.
  Analyzing evaluation results.
Removed 177 multiplexer ports.
<suppressed ~50 debug messages>

11.4. Executing OPT_REDUCE pass (consolidate $*mux and $reduce_* inputs).
  Optimizing cells in module \top.
  Optimizing cells in module $paramod$ecd21929fa1be150b80337ea55723d02e2dee35c\fifo.
    Consolidated identical input bits for $mux cell $procmux$226:
      Old ports: A=16'0000000000000000, B=16'1111111111111111, Y=$procmux$226_Y
      New ports: A=1'0, B=1'1, Y=$procmux$226_Y [0]
      New connections: $procmux$226_Y [15:1] = { $procmux$226_Y [0] $procmux$226_Y [0] $procmux$226_Y [0] $procmux$226_Y [0] $procmux$226_Y [0] $procmux$226_Y [0] $procmux$226_Y [0] $procmux$226_Y [0] $procmux$226_Y [0] $procmux$226_Y [0] $procmux$226_Y [0] $procmux$226_Y [0] $procmux$226_Y [0] $procmux$226_Y [0] $procmux$226_Y [0] }
  Optimizing cells in module $paramod$ecd21929fa1be150b80337ea55723d02e2dee35c\fifo.
    Consolidated identical input bits for $mux cell $procmux$251:
      Old ports: A=$2$memwr$\mem$rtl/fifo.sv:38$188_EN[15:0]$200, B=16'0000000000000000, Y=$procmux$251_Y
      New ports: A=$procmux$226_Y [0], B=1'0, Y=$procmux$251_Y [0]
      New connections: $procmux$251_Y [15:1] = { $procmux$251_Y [0] $procmux$251_Y [0] $procmux$251_Y [0] $procmux$251_Y [0] $procmux$251_Y [0] $procmux$251_Y [0] $procmux$251_Y [0] $procmux$251_Y [0] $procmux$251_Y [0] $procmux$251_Y [0] $procmux$251_Y [0] $procmux$251_Y [0] $procmux$251_Y [0] $procmux$251_Y [0] $procmux$251_Y [0] }
  Optimizing cells in module $paramod$ecd21929fa1be150b80337ea55723d02e2dee35c\fifo.
  Optimizing cells in module $paramod\mac_array\NUM_MAC=s32'00000000000000000000000000000100.
  Optimizing cells in module \scheduler.
  Optimizing cells in module \sparse_encoder.
  Optimizing cells in module \raese.
  Optimizing cells in module \raese.
  Optimizing cells in module \feature_extract.
  Optimizing cells in module \feature_extract.
  Optimizing cells in module $paramod\accumulator\NUM_MAC=s32'00000000000000000000000000000100.
Performed a total of 4 changes.

11.5. Executing OPT_MERGE pass (detect identical cells).
Finding identical cells in module `\top'.
Finding identical cells in module `$paramod$ecd21929fa1be150b80337ea55723d02e2dee35c\fifo'.
Finding identical cells in module `$paramod\mac_array\NUM_MAC=s32'00000000000000000000000000000100'.
Finding identical cells in module `\scheduler'.
<suppressed ~18 debug messages>
Finding identical cells in module `\sparse_encoder'.
Finding identical cells in module `\raese'.
<suppressed ~3 debug messages>
Finding identical cells in module `\feature_extract'.
<suppressed ~3 debug messages>
Finding identical cells in module `$paramod\accumulator\NUM_MAC=s32'00000000000000000000000000000100'.
Removed a total of 8 cells.

11.6. Executing OPT_DFF pass (perform DFF optimizations).
Adding SRST signal on $procdff$925 ($dff) from module top (D = $procmux$217_Y, Q = \mac_busy_reg, rval = 1'0).
Adding EN signal on $auto$ff.cc:266:slice$978 ($sdff) from module top (D = $procmux$217_Y, Q = \mac_busy_reg).
Adding SRST signal on $procdff$926 ($dff) from module top (D = $logic_not$rtl/top.sv:140$172_Y, Q = \fifo_data_valid, rval = 1'0).
Adding SRST signal on $procdff$928 ($dff) from module $paramod$ecd21929fa1be150b80337ea55723d02e2dee35c\fifo (D = $procmux$244_Y, Q = \occupancy, rval = 5'00000).
Adding EN signal on $auto$ff.cc:266:slice$983 ($sdff) from module $paramod$ecd21929fa1be150b80337ea55723d02e2dee35c\fifo (D = $procmux$244_Y, Q = \occupancy).
Adding SRST signal on $procdff$929 ($dff) from module $paramod$ecd21929fa1be150b80337ea55723d02e2dee35c\fifo (D = $procmux$265_Y, Q = \wr_ptr, rval = 4'0000).
Adding EN signal on $auto$ff.cc:266:slice$987 ($sdff) from module $paramod$ecd21929fa1be150b80337ea55723d02e2dee35c\fifo (D = $add$rtl/fifo.sv:39$201_Y, Q = \wr_ptr).
Adding SRST signal on $procdff$930 ($dff) from module $paramod$ecd21929fa1be150b80337ea55723d02e2dee35c\fifo (D = $procmux$259_Y, Q = \rd_ptr, rval = 4'0000).
Adding EN signal on $auto$ff.cc:266:slice$989 ($sdff) from module $paramod$ecd21929fa1be150b80337ea55723d02e2dee35c\fifo (D = $add$rtl/fifo.sv:44$205_Y, Q = \rd_ptr).
Adding SRST signal on $procdff$927 ($dff) from module $paramod$ecd21929fa1be150b80337ea55723d02e2dee35c\fifo (D = $procmux$270_Y, Q = \rd_data, rval = 16'0000000000000000).
Adding EN signal on $auto$ff.cc:266:slice$991 ($sdff) from module $paramod$ecd21929fa1be150b80337ea55723d02e2dee35c\fifo (D = $memrd$\mem$rtl/fifo.sv:43$204_DATA, Q = \rd_data).
Adding EN signal on $procdff$936 ($dff) from module $paramod\mac_array\NUM_MAC=s32'00000000000000000000000000000100 (D = $2\i[31:0], Q = \i).
Adding SRST signal on $procdff$934 ($dff) from module $paramod\mac_array\NUM_MAC=s32'00000000000000000000000000000100 (D = $procmux$282_Y, Q = \product [63:48], rval = 16'0000000000000000).
Adding SRST signal on $procdff$934 ($dff) from module $paramod\mac_array\NUM_MAC=s32'00000000000000000000000000000100 (D = $procmux$288_Y, Q = \product [47:32], rval = 16'0000000000000000).
Adding SRST signal on $procdff$934 ($dff) from module $paramod\mac_array\NUM_MAC=s32'00000000000000000000000000000100 (D = $procmux$294_Y, Q = \product [31:16], rval = 16'0000000000000000).
Adding SRST signal on $procdff$934 ($dff) from module $paramod\mac_array\NUM_MAC=s32'00000000000000000000000000000100 (D = $procmux$300_Y, Q = \product [15:0], rval = 16'0000000000000000).
Adding EN signal on $auto$ff.cc:266:slice$997 ($sdff) from module $paramod\mac_array\NUM_MAC=s32'00000000000000000000000000000100 (D = $mul$rtl/mac_array.sv:38$184_Y, Q = \product [15:0]).
Adding EN signal on $auto$ff.cc:266:slice$996 ($sdff) from module $paramod\mac_array\NUM_MAC=s32'00000000000000000000000000000100 (D = $mul$rtl/mac_array.sv:38$185_Y, Q = \product [31:16]).
Adding EN signal on $auto$ff.cc:266:slice$995 ($sdff) from module $paramod\mac_array\NUM_MAC=s32'00000000000000000000000000000100 (D = $mul$rtl/mac_array.sv:38$186_Y, Q = \product [47:32]).
Adding EN signal on $auto$ff.cc:266:slice$994 ($sdff) from module $paramod\mac_array\NUM_MAC=s32'00000000000000000000000000000100 (D = $mul$rtl/mac_array.sv:38$187_Y, Q = \product [63:48]).
Adding SRST signal on $procdff$935 ($dff) from module $paramod\mac_array\NUM_MAC=s32'00000000000000000000000000000100 (D = $procmux$309_Y, Q = \valid, rval = 1'0).
Adding SRST signal on $procdff$942 ($dff) from module scheduler (D = $procmux$334_Y, Q = \pending_score, rval = 16'0000000000000000).
Adding EN signal on $auto$ff.cc:266:slice$1003 ($sdff) from module scheduler (D = $procmux$334_Y, Q = \pending_score).
Adding SRST signal on $procdff$941 ($dff) from module scheduler (D = $procmux$344_Y, Q = \pending_event, rval = 1'0).
Adding EN signal on $auto$ff.cc:266:slice$1013 ($sdff) from module scheduler (D = $procmux$344_Y, Q = \pending_event).
Adding SRST signal on $procdff$940 ($dff) from module scheduler (D = $procmux$361_Y, Q = \state, rval = 2'00).
Adding EN signal on $auto$ff.cc:266:slice$1023 ($sdff) from module scheduler (D = $procmux$361_Y, Q = \state).
Adding SRST signal on $procdff$947 ($dff) from module sparse_encoder (D = $procmux$665_Y, Q = \feature_3, rval = 8'00000000).
Adding EN signal on $auto$ff.cc:266:slice$1035 ($sdff) from module sparse_encoder (D = $4\quantize_unsigned_q8_8$func$rtl/sparse_encoder.sv:166$70.$result[7:0]$136, Q = \feature_3).
Adding SRST signal on $procdff$943 ($dff) from module sparse_encoder (D = $procmux$618_Y, Q = \feature_valid, rval = 1'0).
Adding SRST signal on $procdff$944 ($dff) from module sparse_encoder (D = $procmux$692_Y, Q = \feature_0, rval = 8'00000000).
Adding EN signal on $auto$ff.cc:266:slice$1044 ($sdff) from module sparse_encoder (D = $4\quantize_signed_q8_8$func$rtl/sparse_encoder.sv:142$67.$result[7:0]$125, Q = \feature_0).
Adding SRST signal on $procdff$945 ($dff) from module sparse_encoder (D = $procmux$683_Y, Q = \feature_1, rval = 8'00000000).
Adding EN signal on $auto$ff.cc:266:slice$1048 ($sdff) from module sparse_encoder (D = $4\quantize_unsigned_q8_8$func$rtl/sparse_encoder.sv:150$68.$result[7:0]$130, Q = \feature_1).
Adding SRST signal on $procdff$946 ($dff) from module sparse_encoder (D = $procmux$674_Y, Q = \feature_2, rval = 8'00000000).
Adding EN signal on $auto$ff.cc:266:slice$1052 ($sdff) from module sparse_encoder (D = $4\quantize_unsigned_q8_8$func$rtl/sparse_encoder.sv:158$69.$result[7:0]$133, Q = \feature_2).
Setting constant 1-bit at position 0 on $procdff$953 ($dff) from module sparse_encoder.
Setting constant 1-bit at position 1 on $procdff$953 ($dff) from module sparse_encoder.
Setting constant 1-bit at position 2 on $procdff$953 ($dff) from module sparse_encoder.
Setting constant 1-bit at position 3 on $procdff$953 ($dff) from module sparse_encoder.
Setting constant 1-bit at position 4 on $procdff$953 ($dff) from module sparse_encoder.
Setting constant 1-bit at position 5 on $procdff$953 ($dff) from module sparse_encoder.
Setting constant 1-bit at position 6 on $procdff$953 ($dff) from module sparse_encoder.
Setting constant 1-bit at position 7 on $procdff$953 ($dff) from module sparse_encoder.
Setting constant 1-bit at position 8 on $procdff$953 ($dff) from module sparse_encoder.
Setting constant 1-bit at position 9 on $procdff$953 ($dff) from module sparse_encoder.
Setting constant 1-bit at position 10 on $procdff$953 ($dff) from module sparse_encoder.
Setting constant 1-bit at position 11 on $procdff$953 ($dff) from module sparse_encoder.
Setting constant 1-bit at position 12 on $procdff$953 ($dff) from module sparse_encoder.
Setting constant 1-bit at position 13 on $procdff$953 ($dff) from module sparse_encoder.
Setting constant 1-bit at position 14 on $procdff$953 ($dff) from module sparse_encoder.
Setting constant 1-bit at position 15 on $procdff$953 ($dff) from module sparse_encoder.
Setting constant 1-bit at position 16 on $procdff$953 ($dff) from module sparse_encoder.
Setting constant 1-bit at position 17 on $procdff$953 ($dff) from module sparse_encoder.
Setting constant 1-bit at position 18 on $procdff$953 ($dff) from module sparse_encoder.
Setting constant 1-bit at position 19 on $procdff$953 ($dff) from module sparse_encoder.
Setting constant 1-bit at position 20 on $procdff$953 ($dff) from module sparse_encoder.
Setting constant 1-bit at position 21 on $procdff$953 ($dff) from module sparse_encoder.
Setting constant 1-bit at position 22 on $procdff$953 ($dff) from module sparse_encoder.
Setting constant 1-bit at position 23 on $procdff$953 ($dff) from module sparse_encoder.
Setting constant 1-bit at position 24 on $procdff$953 ($dff) from module sparse_encoder.
Setting constant 1-bit at position 25 on $procdff$953 ($dff) from module sparse_encoder.
Setting constant 1-bit at position 26 on $procdff$953 ($dff) from module sparse_encoder.
Setting constant 1-bit at position 27 on $procdff$953 ($dff) from module sparse_encoder.
Setting constant 1-bit at position 28 on $procdff$953 ($dff) from module sparse_encoder.
Setting constant 1-bit at position 29 on $procdff$953 ($dff) from module sparse_encoder.
Setting constant 1-bit at position 30 on $procdff$953 ($dff) from module sparse_encoder.
Setting constant 1-bit at position 31 on $procdff$953 ($dff) from module sparse_encoder.
Setting constant 1-bit at position 0 on $procdff$955 ($dff) from module sparse_encoder.
Setting constant 1-bit at position 1 on $procdff$955 ($dff) from module sparse_encoder.
Setting constant 1-bit at position 2 on $procdff$955 ($dff) from module sparse_encoder.
Setting constant 1-bit at position 3 on $procdff$955 ($dff) from module sparse_encoder.
Setting constant 1-bit at position 4 on $procdff$955 ($dff) from module sparse_encoder.
Setting constant 1-bit at position 5 on $procdff$955 ($dff) from module sparse_encoder.
Setting constant 1-bit at position 6 on $procdff$955 ($dff) from module sparse_encoder.
Setting constant 1-bit at position 7 on $procdff$955 ($dff) from module sparse_encoder.
Setting constant 1-bit at position 8 on $procdff$955 ($dff) from module sparse_encoder.
Setting constant 1-bit at position 9 on $procdff$955 ($dff) from module sparse_encoder.
Setting constant 1-bit at position 10 on $procdff$955 ($dff) from module sparse_encoder.
Setting constant 1-bit at position 11 on $procdff$955 ($dff) from module sparse_encoder.
Setting constant 1-bit at position 12 on $procdff$955 ($dff) from module sparse_encoder.
Setting constant 1-bit at position 13 on $procdff$955 ($dff) from module sparse_encoder.
Setting constant 1-bit at position 14 on $procdff$955 ($dff) from module sparse_encoder.
Setting constant 1-bit at position 15 on $procdff$955 ($dff) from module sparse_encoder.
Setting constant 1-bit at position 0 on $procdff$954 ($dff) from module sparse_encoder.
Setting constant 1-bit at position 1 on $procdff$954 ($dff) from module sparse_encoder.
Setting constant 1-bit at position 2 on $procdff$954 ($dff) from module sparse_encoder.
Setting constant 1-bit at position 3 on $procdff$954 ($dff) from module sparse_encoder.
Setting constant 1-bit at position 4 on $procdff$954 ($dff) from module sparse_encoder.
Setting constant 1-bit at position 5 on $procdff$954 ($dff) from module sparse_encoder.
Setting constant 1-bit at position 6 on $procdff$954 ($dff) from module sparse_encoder.
Setting constant 1-bit at position 7 on $procdff$954 ($dff) from module sparse_encoder.
Adding SRST signal on $procdff$967 ($dff) from module raese (D = $procmux$708_Y, Q = \trend_count, rval = 0).
Adding EN signal on $auto$ff.cc:266:slice$1056 ($sdff) from module raese (D = $procmux$706_Y, Q = \trend_count).
Adding SRST signal on $procdff$963 ($dff) from module raese (D = $procmux$746_Y, Q = \baseline, rval = 16'0000000000000000).
Adding EN signal on $auto$ff.cc:266:slice$1058 ($sdff) from module raese (D = $procmux$744_Y, Q = \baseline).
Adding SRST signal on $procdff$964 ($dff) from module raese (D = $procmux$735_Y, Q = \deviation, rval = 16'0000000000000000).
Adding EN signal on $auto$ff.cc:266:slice$1060 ($sdff) from module raese (D = $procmux$733_Y, Q = \deviation).
Adding SRST signal on $procdff$966 ($dff) from module raese (D = $procmux$716_Y, Q = \trend_direction, rval = 2'00).
Adding EN signal on $auto$ff.cc:266:slice$1062 ($sdff) from module raese (D = $procmux$714_Y, Q = \trend_direction).
Adding SRST signal on $procdff$965 ($dff) from module raese (D = $procmux$724_Y, Q = \baseline_initialized, rval = 1'0).
Adding EN signal on $auto$ff.cc:266:slice$1070 ($sdff) from module raese (D = $procmux$722_Y, Q = \baseline_initialized).
Adding SRST signal on $procdff$960 ($dff) from module raese (D = $procmux$698_Y, Q = \event_valid, rval = 1'0).
Adding SRST signal on $procdff$961 ($dff) from module raese (D = $procmux$771_Y, Q = \event_type, rval = 2'00).
Adding EN signal on $auto$ff.cc:266:slice$1077 ($sdff) from module raese (D = $procmux$769_Y, Q = \event_type).
Adding SRST signal on $procdff$962 ($dff) from module raese (D = $procmux$757_Y, Q = \event_score, rval = 16'0000000000000000).
Adding EN signal on $auto$ff.cc:266:slice$1079 ($sdff) from module raese (D = $procmux$755_Y, Q = \event_score).
Adding SRST signal on $procdff$974 ($dff) from module feature_extract (D = $procmux$859_Y, Q = \have_previous, rval = 1'0).
Adding EN signal on $auto$ff.cc:266:slice$1081 ($sdff) from module feature_extract (D = $procmux$857_Y, Q = \have_previous).
Adding SRST signal on $procdff$973 ($dff) from module feature_extract (D = $procmux$867_Y, Q = \previous_delta_mag, rval = 16'0000000000000000).
Adding EN signal on $auto$ff.cc:266:slice$1083 ($sdff) from module feature_extract (D = $procmux$865_Y, Q = \previous_delta_mag).
Adding SRST signal on $procdff$968 ($dff) from module feature_extract (D = $procmux$898_Y, Q = \delta, rval = 16'0000000000000000).
Adding EN signal on $auto$ff.cc:266:slice$1085 ($sdff) from module feature_extract (D = $procmux$896_Y, Q = \delta).
Adding SRST signal on $procdff$969 ($dff) from module feature_extract (D = $procmux$890_Y, Q = \delta_mag, rval = 16'0000000000000000).
Adding EN signal on $auto$ff.cc:266:slice$1087 ($sdff) from module feature_extract (D = $procmux$888_Y, Q = \delta_mag).
Adding SRST signal on $procdff$970 ($dff) from module feature_extract (D = $procmux$882_Y, Q = \acceleration, rval = 16'0000000000000000).
Adding EN signal on $auto$ff.cc:266:slice$1089 ($sdff) from module feature_extract (D = $procmux$880_Y, Q = \acceleration).
Adding SRST signal on $procdff$971 ($dff) from module feature_extract (D = $procmux$849_Y, Q = \feature_valid, rval = 1'0).
Adding SRST signal on $procdff$972 ($dff) from module feature_extract (D = $procmux$874_Y, Q = \previous_temperature, rval = 16'0000000000000000).
Adding EN signal on $auto$ff.cc:266:slice$1096 ($sdff) from module feature_extract (D = \temperature, Q = \previous_temperature).
Adding SRST signal on $procdff$975 ($dff) from module $paramod\accumulator\NUM_MAC=s32'00000000000000000000000000000100 (D = $procmux$909_Y, Q = \valid, rval = 1'0).
Adding SRST signal on $procdff$976 ($dff) from module $paramod\accumulator\NUM_MAC=s32'00000000000000000000000000000100 (D = $procmux$917_Y, Q = \accumulated_value, rval = 0).
Adding EN signal on $auto$ff.cc:266:slice$1101 ($sdff) from module $paramod\accumulator\NUM_MAC=s32'00000000000000000000000000000100 (D = $add$rtl/accumulator.sv:67$182_Y, Q = \accumulated_value).

11.7. Executing OPT_CLEAN pass (remove unused cells and wires).
Finding unused cells or wires in module \top..
Finding unused cells or wires in module $paramod$ecd21929fa1be150b80337ea55723d02e2dee35c\fifo..
Finding unused cells or wires in module $paramod\mac_array\NUM_MAC=s32'00000000000000000000000000000100..
Finding unused cells or wires in module \scheduler..
Finding unused cells or wires in module \sparse_encoder..
Finding unused cells or wires in module \raese..
Finding unused cells or wires in module \feature_extract..
Finding unused cells or wires in module $paramod\accumulator\NUM_MAC=s32'00000000000000000000000000000100..
Removed 86 unused cells and 605 unused wires.
<suppressed ~97 debug messages>

11.8. Executing OPT_EXPR pass (perform const folding).
Optimizing module $paramod$ecd21929fa1be150b80337ea55723d02e2dee35c\fifo.
<suppressed ~1 debug messages>
Optimizing module $paramod\accumulator\NUM_MAC=s32'00000000000000000000000000000100.
Optimizing module $paramod\mac_array\NUM_MAC=s32'00000000000000000000000000000100.
Optimizing module feature_extract.
Optimizing module raese.
Optimizing module scheduler.
<suppressed ~2 debug messages>
Optimizing module sparse_encoder.
Optimizing module top.
<suppressed ~1 debug messages>

11.9. Rerunning OPT passes. (Maybe there is more to do..)

11.10. Executing OPT_MUXTREE pass (detect dead branches in mux trees).
Running muxtree optimizer on module $paramod$ecd21929fa1be150b80337ea55723d02e2dee35c\fifo..
  Creating internal representation of mux trees.
  Evaluating internal representation of mux trees.
  Analyzing evaluation results.
Running muxtree optimizer on module $paramod\accumulator\NUM_MAC=s32'00000000000000000000000000000100..
  Creating internal representation of mux trees.
  Evaluating internal representation of mux trees.
  Analyzing evaluation results.
Running muxtree optimizer on module $paramod\mac_array\NUM_MAC=s32'00000000000000000000000000000100..
  Creating internal representation of mux trees.
  Evaluating internal representation of mux trees.
  Analyzing evaluation results.
Running muxtree optimizer on module \feature_extract..
  Creating internal representation of mux trees.
  Evaluating internal representation of mux trees.
  Analyzing evaluation results.
Running muxtree optimizer on module \raese..
  Creating internal representation of mux trees.
  Evaluating internal representation of mux trees.
  Analyzing evaluation results.
Running muxtree optimizer on module \scheduler..
  Creating internal representation of mux trees.
  Evaluating internal representation of mux trees.
  Analyzing evaluation results.
Running muxtree optimizer on module \sparse_encoder..
  Creating internal representation of mux trees.
  Evaluating internal representation of mux trees.
  Analyzing evaluation results.
Running muxtree optimizer on module \top..
  Creating internal representation of mux trees.
  Evaluating internal representation of mux trees.
  Analyzing evaluation results.
Removed 0 multiplexer ports.
<suppressed ~30 debug messages>

11.11. Executing OPT_REDUCE pass (consolidate $*mux and $reduce_* inputs).
  Optimizing cells in module $paramod$ecd21929fa1be150b80337ea55723d02e2dee35c\fifo.
  Optimizing cells in module $paramod\accumulator\NUM_MAC=s32'00000000000000000000000000000100.
  Optimizing cells in module $paramod\mac_array\NUM_MAC=s32'00000000000000000000000000000100.
  Optimizing cells in module \feature_extract.
  Optimizing cells in module \raese.
  Optimizing cells in module \scheduler.
  Optimizing cells in module \sparse_encoder.
  Optimizing cells in module \top.
Performed a total of 0 changes.

11.12. Executing OPT_MERGE pass (detect identical cells).
Finding identical cells in module `$paramod$ecd21929fa1be150b80337ea55723d02e2dee35c\fifo'.
Finding identical cells in module `$paramod\accumulator\NUM_MAC=s32'00000000000000000000000000000100'.
<suppressed ~3 debug messages>
Finding identical cells in module `$paramod\mac_array\NUM_MAC=s32'00000000000000000000000000000100'.
Finding identical cells in module `\feature_extract'.
<suppressed ~3 debug messages>
Finding identical cells in module `\raese'.
Finding identical cells in module `\scheduler'.
<suppressed ~3 debug messages>
Finding identical cells in module `\sparse_encoder'.
<suppressed ~9 debug messages>
Finding identical cells in module `\top'.
Removed a total of 6 cells.

11.13. Executing OPT_DFF pass (perform DFF optimizations).
Adding SRST signal on $procdff$939 ($dff) from module scheduler (D = $procmux$315_Y, Q = \mac_enable, rval = 1'0).

11.14. Executing OPT_CLEAN pass (remove unused cells and wires).
Finding unused cells or wires in module $paramod$ecd21929fa1be150b80337ea55723d02e2dee35c\fifo..
Finding unused cells or wires in module $paramod\accumulator\NUM_MAC=s32'00000000000000000000000000000100..
Finding unused cells or wires in module $paramod\mac_array\NUM_MAC=s32'00000000000000000000000000000100..
Finding unused cells or wires in module \feature_extract..
Finding unused cells or wires in module \raese..
Finding unused cells or wires in module \scheduler..
Finding unused cells or wires in module \sparse_encoder..
Finding unused cells or wires in module \top..
Removed 1 unused cells and 6 unused wires.
<suppressed ~4 debug messages>

11.15. Executing OPT_EXPR pass (perform const folding).
Optimizing module $paramod$ecd21929fa1be150b80337ea55723d02e2dee35c\fifo.
Optimizing module $paramod\accumulator\NUM_MAC=s32'00000000000000000000000000000100.
Optimizing module $paramod\mac_array\NUM_MAC=s32'00000000000000000000000000000100.
Optimizing module feature_extract.
Optimizing module raese.
Optimizing module scheduler.
Optimizing module sparse_encoder.
Optimizing module top.

11.16. Rerunning OPT passes. (Maybe there is more to do..)

11.17. Executing OPT_MUXTREE pass (detect dead branches in mux trees).
Running muxtree optimizer on module $paramod$ecd21929fa1be150b80337ea55723d02e2dee35c\fifo..
  Creating internal representation of mux trees.
  Evaluating internal representation of mux trees.
  Analyzing evaluation results.
Running muxtree optimizer on module $paramod\accumulator\NUM_MAC=s32'00000000000000000000000000000100..
  Creating internal representation of mux trees.
  Evaluating internal representation of mux trees.
  Analyzing evaluation results.
Running muxtree optimizer on module $paramod\mac_array\NUM_MAC=s32'00000000000000000000000000000100..
  Creating internal representation of mux trees.
  Evaluating internal representation of mux trees.
  Analyzing evaluation results.
Running muxtree optimizer on module \feature_extract..
  Creating internal representation of mux trees.
  Evaluating internal representation of mux trees.
  Analyzing evaluation results.
Running muxtree optimizer on module \raese..
  Creating internal representation of mux trees.
  Evaluating internal representation of mux trees.
  Analyzing evaluation results.
Running muxtree optimizer on module \scheduler..
  Creating internal representation of mux trees.
  Evaluating internal representation of mux trees.
  Analyzing evaluation results.
Running muxtree optimizer on module \sparse_encoder..
  Creating internal representation of mux trees.
  Evaluating internal representation of mux trees.
  Analyzing evaluation results.
Running muxtree optimizer on module \top..
  Creating internal representation of mux trees.
  Evaluating internal representation of mux trees.
  Analyzing evaluation results.
Removed 0 multiplexer ports.
<suppressed ~30 debug messages>

11.18. Executing OPT_REDUCE pass (consolidate $*mux and $reduce_* inputs).
  Optimizing cells in module $paramod$ecd21929fa1be150b80337ea55723d02e2dee35c\fifo.
  Optimizing cells in module $paramod\accumulator\NUM_MAC=s32'00000000000000000000000000000100.
  Optimizing cells in module $paramod\mac_array\NUM_MAC=s32'00000000000000000000000000000100.
  Optimizing cells in module \feature_extract.
  Optimizing cells in module \raese.
  Optimizing cells in module \scheduler.
  Optimizing cells in module \sparse_encoder.
  Optimizing cells in module \top.
Performed a total of 0 changes.

11.19. Executing OPT_MERGE pass (detect identical cells).
Finding identical cells in module `$paramod$ecd21929fa1be150b80337ea55723d02e2dee35c\fifo'.
Finding identical cells in module `$paramod\accumulator\NUM_MAC=s32'00000000000000000000000000000100'.
Finding identical cells in module `$paramod\mac_array\NUM_MAC=s32'00000000000000000000000000000100'.
Finding identical cells in module `\feature_extract'.
Finding identical cells in module `\raese'.
Finding identical cells in module `\scheduler'.
Finding identical cells in module `\sparse_encoder'.
Finding identical cells in module `\top'.
Removed a total of 0 cells.

11.20. Executing OPT_DFF pass (perform DFF optimizations).

11.21. Executing OPT_CLEAN pass (remove unused cells and wires).
Finding unused cells or wires in module $paramod$ecd21929fa1be150b80337ea55723d02e2dee35c\fifo..
Finding unused cells or wires in module $paramod\accumulator\NUM_MAC=s32'00000000000000000000000000000100..
Finding unused cells or wires in module $paramod\mac_array\NUM_MAC=s32'00000000000000000000000000000100..
Finding unused cells or wires in module \feature_extract..
Finding unused cells or wires in module \raese..
Finding unused cells or wires in module \scheduler..
Finding unused cells or wires in module \sparse_encoder..
Finding unused cells or wires in module \top..

11.22. Executing OPT_EXPR pass (perform const folding).
Optimizing module $paramod$ecd21929fa1be150b80337ea55723d02e2dee35c\fifo.
Optimizing module $paramod\accumulator\NUM_MAC=s32'00000000000000000000000000000100.
Optimizing module $paramod\mac_array\NUM_MAC=s32'00000000000000000000000000000100.
Optimizing module feature_extract.
Optimizing module raese.
Optimizing module scheduler.
Optimizing module sparse_encoder.
Optimizing module top.

11.23. Finished OPT passes. (There is nothing left to do.)

12. Executing FSM pass (extract and optimize FSM).

12.1. Executing FSM_DETECT pass (finding FSMs in design).

12.2. Executing FSM_EXTRACT pass (extracting FSM from design).

12.3. Executing FSM_OPT pass (simple optimizations of FSMs).

12.4. Executing OPT_CLEAN pass (remove unused cells and wires).
Finding unused cells or wires in module $paramod$ecd21929fa1be150b80337ea55723d02e2dee35c\fifo..
Finding unused cells or wires in module $paramod\accumulator\NUM_MAC=s32'00000000000000000000000000000100..
Finding unused cells or wires in module $paramod\mac_array\NUM_MAC=s32'00000000000000000000000000000100..
Finding unused cells or wires in module \feature_extract..
Finding unused cells or wires in module \raese..
Finding unused cells or wires in module \scheduler..
Finding unused cells or wires in module \sparse_encoder..
Finding unused cells or wires in module \top..

12.5. Executing FSM_OPT pass (simple optimizations of FSMs).

12.6. Executing FSM_RECODE pass (re-assigning FSM state encoding).

12.7. Executing FSM_INFO pass (dumping all available information on FSM cells).

12.8. Executing FSM_MAP pass (mapping FSMs to basic logic).

13. Executing OPT pass (performing simple optimizations).

13.1. Executing OPT_EXPR pass (perform const folding).
Optimizing module $paramod$ecd21929fa1be150b80337ea55723d02e2dee35c\fifo.
Optimizing module $paramod\accumulator\NUM_MAC=s32'00000000000000000000000000000100.
Optimizing module $paramod\mac_array\NUM_MAC=s32'00000000000000000000000000000100.
Optimizing module feature_extract.
Optimizing module raese.
Optimizing module scheduler.
Optimizing module sparse_encoder.
Optimizing module top.

13.2. Executing OPT_MERGE pass (detect identical cells).
Finding identical cells in module `$paramod$ecd21929fa1be150b80337ea55723d02e2dee35c\fifo'.
Finding identical cells in module `$paramod\accumulator\NUM_MAC=s32'00000000000000000000000000000100'.
Finding identical cells in module `$paramod\mac_array\NUM_MAC=s32'00000000000000000000000000000100'.
Finding identical cells in module `\feature_extract'.
Finding identical cells in module `\raese'.
Finding identical cells in module `\scheduler'.
Finding identical cells in module `\sparse_encoder'.
Finding identical cells in module `\top'.
Removed a total of 0 cells.

13.3. Executing OPT_MUXTREE pass (detect dead branches in mux trees).
Running muxtree optimizer on module $paramod$ecd21929fa1be150b80337ea55723d02e2dee35c\fifo..
  Creating internal representation of mux trees.
  Evaluating internal representation of mux trees.
  Analyzing evaluation results.
Running muxtree optimizer on module $paramod\accumulator\NUM_MAC=s32'00000000000000000000000000000100..
  Creating internal representation of mux trees.
  Evaluating internal representation of mux trees.
  Analyzing evaluation results.
Running muxtree optimizer on module $paramod\mac_array\NUM_MAC=s32'00000000000000000000000000000100..
  Creating internal representation of mux trees.
  Evaluating internal representation of mux trees.
  Analyzing evaluation results.
Running muxtree optimizer on module \feature_extract..
  Creating internal representation of mux trees.
  Evaluating internal representation of mux trees.
  Analyzing evaluation results.
Running muxtree optimizer on module \raese..
  Creating internal representation of mux trees.
  Evaluating internal representation of mux trees.
  Analyzing evaluation results.
Running muxtree optimizer on module \scheduler..
  Creating internal representation of mux trees.
  Evaluating internal representation of mux trees.
  Analyzing evaluation results.
Running muxtree optimizer on module \sparse_encoder..
  Creating internal representation of mux trees.
  Evaluating internal representation of mux trees.
  Analyzing evaluation results.
Running muxtree optimizer on module \top..
  Creating internal representation of mux trees.
  Evaluating internal representation of mux trees.
  Analyzing evaluation results.
Removed 0 multiplexer ports.
<suppressed ~30 debug messages>

13.4. Executing OPT_REDUCE pass (consolidate $*mux and $reduce_* inputs).
  Optimizing cells in module $paramod$ecd21929fa1be150b80337ea55723d02e2dee35c\fifo.
  Optimizing cells in module $paramod\accumulator\NUM_MAC=s32'00000000000000000000000000000100.
  Optimizing cells in module $paramod\mac_array\NUM_MAC=s32'00000000000000000000000000000100.
  Optimizing cells in module \feature_extract.
  Optimizing cells in module \raese.
  Optimizing cells in module \scheduler.
  Optimizing cells in module \sparse_encoder.
  Optimizing cells in module \top.
Performed a total of 0 changes.

13.5. Executing OPT_MERGE pass (detect identical cells).
Finding identical cells in module `$paramod$ecd21929fa1be150b80337ea55723d02e2dee35c\fifo'.
Finding identical cells in module `$paramod\accumulator\NUM_MAC=s32'00000000000000000000000000000100'.
Finding identical cells in module `$paramod\mac_array\NUM_MAC=s32'00000000000000000000000000000100'.
Finding identical cells in module `\feature_extract'.
Finding identical cells in module `\raese'.
Finding identical cells in module `\scheduler'.
Finding identical cells in module `\sparse_encoder'.
Finding identical cells in module `\top'.
Removed a total of 0 cells.

13.6. Executing OPT_DFF pass (perform DFF optimizations).

13.7. Executing OPT_CLEAN pass (remove unused cells and wires).
Finding unused cells or wires in module $paramod$ecd21929fa1be150b80337ea55723d02e2dee35c\fifo..
Finding unused cells or wires in module $paramod\accumulator\NUM_MAC=s32'00000000000000000000000000000100..
Finding unused cells or wires in module $paramod\mac_array\NUM_MAC=s32'00000000000000000000000000000100..
Finding unused cells or wires in module \feature_extract..
Finding unused cells or wires in module \raese..
Finding unused cells or wires in module \scheduler..
Finding unused cells or wires in module \sparse_encoder..
Finding unused cells or wires in module \top..

13.8. Executing OPT_EXPR pass (perform const folding).
Optimizing module $paramod$ecd21929fa1be150b80337ea55723d02e2dee35c\fifo.
Optimizing module $paramod\accumulator\NUM_MAC=s32'00000000000000000000000000000100.
Optimizing module $paramod\mac_array\NUM_MAC=s32'00000000000000000000000000000100.
Optimizing module feature_extract.
Optimizing module raese.
Optimizing module scheduler.
Optimizing module sparse_encoder.
Optimizing module top.

13.9. Finished OPT passes. (There is nothing left to do.)

14. Executing MEMORY pass.

14.1. Executing OPT_MEM pass (optimize memories).
Performed a total of 0 transformations.

14.2. Executing OPT_MEM_PRIORITY pass (removing unnecessary memory write priority relations).
Performed a total of 0 transformations.

14.3. Executing OPT_MEM_FEEDBACK pass (finding memory read-to-write feedback paths).
  Analyzing $paramod$ecd21929fa1be150b80337ea55723d02e2dee35c\fifo.mem write port 0.

14.4. Executing MEMORY_BMUX2ROM pass (converting muxes to ROMs).

14.5. Executing MEMORY_DFF pass (merging $dff cells to $memrd).
Checking read port `\mem'[0] in module `$paramod$ecd21929fa1be150b80337ea55723d02e2dee35c\fifo': merging output FF to cell.
    Write port 0: non-transparent.

14.6. Executing OPT_CLEAN pass (remove unused cells and wires).
Finding unused cells or wires in module $paramod$ecd21929fa1be150b80337ea55723d02e2dee35c\fifo..
Finding unused cells or wires in module $paramod\accumulator\NUM_MAC=s32'00000000000000000000000000000100..
Finding unused cells or wires in module $paramod\mac_array\NUM_MAC=s32'00000000000000000000000000000100..
Finding unused cells or wires in module \feature_extract..
Finding unused cells or wires in module \raese..
Finding unused cells or wires in module \scheduler..
Finding unused cells or wires in module \sparse_encoder..
Finding unused cells or wires in module \top..
Removed 1 unused cells and 17 unused wires.
<suppressed ~2 debug messages>

14.7. Executing MEMORY_SHARE pass (consolidating $memrd/$memwr cells).

14.8. Executing OPT_MEM_WIDEN pass (optimize memories where all ports are wide).
Performed a total of 0 transformations.

14.9. Executing OPT_CLEAN pass (remove unused cells and wires).
Finding unused cells or wires in module $paramod$ecd21929fa1be150b80337ea55723d02e2dee35c\fifo..
Finding unused cells or wires in module $paramod\accumulator\NUM_MAC=s32'00000000000000000000000000000100..
Finding unused cells or wires in module $paramod\mac_array\NUM_MAC=s32'00000000000000000000000000000100..
Finding unused cells or wires in module \feature_extract..
Finding unused cells or wires in module \raese..
Finding unused cells or wires in module \scheduler..
Finding unused cells or wires in module \sparse_encoder..
Finding unused cells or wires in module \top..

14.10. Executing MEMORY_COLLECT pass (generating $mem cells).

14.11. Executing MEMORY_MAP pass (converting memories to logic and flip-flops).
Mapping memory \mem in module $paramod$ecd21929fa1be150b80337ea55723d02e2dee35c\fifo:
  created 16 $dff cells and 0 static cells of width 16.
Extracted data FF from read port 0 of $paramod$ecd21929fa1be150b80337ea55723d02e2dee35c\fifo.mem: $\mem$rdreg[0]
  read interface: 1 $dff and 15 $mux cells.
  write interface: 16 write mux blocks.

15. Executing OPT pass (performing simple optimizations).

15.1. Executing OPT_EXPR pass (perform const folding).
Optimizing module $paramod$ecd21929fa1be150b80337ea55723d02e2dee35c\fifo.
<suppressed ~8 debug messages>
Optimizing module $paramod\accumulator\NUM_MAC=s32'00000000000000000000000000000100.
Optimizing module $paramod\mac_array\NUM_MAC=s32'00000000000000000000000000000100.
Optimizing module feature_extract.
Optimizing module raese.
Optimizing module scheduler.
Optimizing module sparse_encoder.
Optimizing module top.

15.2. Executing OPT_MERGE pass (detect identical cells).
Finding identical cells in module `$paramod$ecd21929fa1be150b80337ea55723d02e2dee35c\fifo'.
Finding identical cells in module `$paramod\accumulator\NUM_MAC=s32'00000000000000000000000000000100'.
Finding identical cells in module `$paramod\mac_array\NUM_MAC=s32'00000000000000000000000000000100'.
Finding identical cells in module `\feature_extract'.
Finding identical cells in module `\raese'.
Finding identical cells in module `\scheduler'.
Finding identical cells in module `\sparse_encoder'.
Finding identical cells in module `\top'.
Removed a total of 0 cells.

15.3. Executing OPT_MUXTREE pass (detect dead branches in mux trees).
Running muxtree optimizer on module $paramod$ecd21929fa1be150b80337ea55723d02e2dee35c\fifo..
  Creating internal representation of mux trees.
  Evaluating internal representation of mux trees.
  Analyzing evaluation results.
Running muxtree optimizer on module $paramod\accumulator\NUM_MAC=s32'00000000000000000000000000000100..
  Creating internal representation of mux trees.
  Evaluating internal representation of mux trees.
  Analyzing evaluation results.
Running muxtree optimizer on module $paramod\mac_array\NUM_MAC=s32'00000000000000000000000000000100..
  Creating internal representation of mux trees.
  Evaluating internal representation of mux trees.
  Analyzing evaluation results.
Running muxtree optimizer on module \feature_extract..
  Creating internal representation of mux trees.
  Evaluating internal representation of mux trees.
  Analyzing evaluation results.
Running muxtree optimizer on module \raese..
  Creating internal representation of mux trees.
  Evaluating internal representation of mux trees.
  Analyzing evaluation results.
Running muxtree optimizer on module \scheduler..
  Creating internal representation of mux trees.
  Evaluating internal representation of mux trees.
  Analyzing evaluation results.
Running muxtree optimizer on module \sparse_encoder..
  Creating internal representation of mux trees.
  Evaluating internal representation of mux trees.
  Analyzing evaluation results.
Running muxtree optimizer on module \top..
  Creating internal representation of mux trees.
  Evaluating internal representation of mux trees.
  Analyzing evaluation results.
Removed 0 multiplexer ports.
<suppressed ~47 debug messages>

15.4. Executing OPT_REDUCE pass (consolidate $*mux and $reduce_* inputs).
  Optimizing cells in module $paramod$ecd21929fa1be150b80337ea55723d02e2dee35c\fifo.
  Optimizing cells in module $paramod\accumulator\NUM_MAC=s32'00000000000000000000000000000100.
  Optimizing cells in module $paramod\mac_array\NUM_MAC=s32'00000000000000000000000000000100.
  Optimizing cells in module \feature_extract.
  Optimizing cells in module \raese.
  Optimizing cells in module \scheduler.
  Optimizing cells in module \sparse_encoder.
  Optimizing cells in module \top.
Performed a total of 0 changes.

15.5. Executing OPT_MERGE pass (detect identical cells).
Finding identical cells in module `$paramod$ecd21929fa1be150b80337ea55723d02e2dee35c\fifo'.
Finding identical cells in module `$paramod\accumulator\NUM_MAC=s32'00000000000000000000000000000100'.
Finding identical cells in module `$paramod\mac_array\NUM_MAC=s32'00000000000000000000000000000100'.
Finding identical cells in module `\feature_extract'.
Finding identical cells in module `\raese'.
Finding identical cells in module `\scheduler'.
Finding identical cells in module `\sparse_encoder'.
Finding identical cells in module `\top'.
Removed a total of 0 cells.

15.6. Executing OPT_DFF pass (perform DFF optimizations).

15.7. Executing OPT_CLEAN pass (remove unused cells and wires).
Finding unused cells or wires in module $paramod$ecd21929fa1be150b80337ea55723d02e2dee35c\fifo..
Finding unused cells or wires in module $paramod\accumulator\NUM_MAC=s32'00000000000000000000000000000100..
Finding unused cells or wires in module $paramod\mac_array\NUM_MAC=s32'00000000000000000000000000000100..
Finding unused cells or wires in module \feature_extract..
Finding unused cells or wires in module \raese..
Finding unused cells or wires in module \scheduler..
Finding unused cells or wires in module \sparse_encoder..
Finding unused cells or wires in module \top..
Removed 0 unused cells and 36 unused wires.
<suppressed ~1 debug messages>

15.8. Executing OPT_EXPR pass (perform const folding).
Optimizing module $paramod$ecd21929fa1be150b80337ea55723d02e2dee35c\fifo.
Optimizing module $paramod\accumulator\NUM_MAC=s32'00000000000000000000000000000100.
Optimizing module $paramod\mac_array\NUM_MAC=s32'00000000000000000000000000000100.
Optimizing module feature_extract.
Optimizing module raese.
Optimizing module scheduler.
Optimizing module sparse_encoder.
Optimizing module top.

15.9. Rerunning OPT passes. (Maybe there is more to do..)

15.10. Executing OPT_MUXTREE pass (detect dead branches in mux trees).
Running muxtree optimizer on module $paramod$ecd21929fa1be150b80337ea55723d02e2dee35c\fifo..
  Creating internal representation of mux trees.
  Evaluating internal representation of mux trees.
  Analyzing evaluation results.
Running muxtree optimizer on module $paramod\accumulator\NUM_MAC=s32'00000000000000000000000000000100..
  Creating internal representation of mux trees.
  Evaluating internal representation of mux trees.
  Analyzing evaluation results.
Running muxtree optimizer on module $paramod\mac_array\NUM_MAC=s32'00000000000000000000000000000100..
  Creating internal representation of mux trees.
  Evaluating internal representation of mux trees.
  Analyzing evaluation results.
Running muxtree optimizer on module \feature_extract..
  Creating internal representation of mux trees.
  Evaluating internal representation of mux trees.
  Analyzing evaluation results.
Running muxtree optimizer on module \raese..
  Creating internal representation of mux trees.
  Evaluating internal representation of mux trees.
  Analyzing evaluation results.
Running muxtree optimizer on module \scheduler..
  Creating internal representation of mux trees.
  Evaluating internal representation of mux trees.
  Analyzing evaluation results.
Running muxtree optimizer on module \sparse_encoder..
  Creating internal representation of mux trees.
  Evaluating internal representation of mux trees.
  Analyzing evaluation results.
Running muxtree optimizer on module \top..
  Creating internal representation of mux trees.
  Evaluating internal representation of mux trees.
  Analyzing evaluation results.
Removed 0 multiplexer ports.
<suppressed ~47 debug messages>

15.11. Executing OPT_REDUCE pass (consolidate $*mux and $reduce_* inputs).
  Optimizing cells in module $paramod$ecd21929fa1be150b80337ea55723d02e2dee35c\fifo.
  Optimizing cells in module $paramod\accumulator\NUM_MAC=s32'00000000000000000000000000000100.
  Optimizing cells in module $paramod\mac_array\NUM_MAC=s32'00000000000000000000000000000100.
  Optimizing cells in module \feature_extract.
  Optimizing cells in module \raese.
  Optimizing cells in module \scheduler.
  Optimizing cells in module \sparse_encoder.
  Optimizing cells in module \top.
Performed a total of 0 changes.

15.12. Executing OPT_MERGE pass (detect identical cells).
Finding identical cells in module `$paramod$ecd21929fa1be150b80337ea55723d02e2dee35c\fifo'.
Finding identical cells in module `$paramod\accumulator\NUM_MAC=s32'00000000000000000000000000000100'.
Finding identical cells in module `$paramod\mac_array\NUM_MAC=s32'00000000000000000000000000000100'.
Finding identical cells in module `\feature_extract'.
Finding identical cells in module `\raese'.
Finding identical cells in module `\scheduler'.
Finding identical cells in module `\sparse_encoder'.
Finding identical cells in module `\top'.
Removed a total of 0 cells.

15.13. Executing OPT_DFF pass (perform DFF optimizations).
Adding EN signal on $memory\mem[9]$1141 ($dff) from module $paramod$ecd21929fa1be150b80337ea55723d02e2dee35c\fifo (D = $0$memwr$\mem$rtl/fifo.sv:38$188_DATA[15:0]$191, Q = \mem[9]).
Adding EN signal on $memory\mem[8]$1139 ($dff) from module $paramod$ecd21929fa1be150b80337ea55723d02e2dee35c\fifo (D = $0$memwr$\mem$rtl/fifo.sv:38$188_DATA[15:0]$191, Q = \mem[8]).
Adding EN signal on $memory\mem[7]$1137 ($dff) from module $paramod$ecd21929fa1be150b80337ea55723d02e2dee35c\fifo (D = $0$memwr$\mem$rtl/fifo.sv:38$188_DATA[15:0]$191, Q = \mem[7]).
Adding EN signal on $memory\mem[6]$1135 ($dff) from module $paramod$ecd21929fa1be150b80337ea55723d02e2dee35c\fifo (D = $0$memwr$\mem$rtl/fifo.sv:38$188_DATA[15:0]$191, Q = \mem[6]).
Adding EN signal on $memory\mem[5]$1133 ($dff) from module $paramod$ecd21929fa1be150b80337ea55723d02e2dee35c\fifo (D = $0$memwr$\mem$rtl/fifo.sv:38$188_DATA[15:0]$191, Q = \mem[5]).
Adding EN signal on $memory\mem[4]$1131 ($dff) from module $paramod$ecd21929fa1be150b80337ea55723d02e2dee35c\fifo (D = $0$memwr$\mem$rtl/fifo.sv:38$188_DATA[15:0]$191, Q = \mem[4]).
Adding EN signal on $memory\mem[3]$1129 ($dff) from module $paramod$ecd21929fa1be150b80337ea55723d02e2dee35c\fifo (D = $0$memwr$\mem$rtl/fifo.sv:38$188_DATA[15:0]$191, Q = \mem[3]).
Adding EN signal on $memory\mem[2]$1127 ($dff) from module $paramod$ecd21929fa1be150b80337ea55723d02e2dee35c\fifo (D = $0$memwr$\mem$rtl/fifo.sv:38$188_DATA[15:0]$191, Q = \mem[2]).
Adding EN signal on $memory\mem[1]$1125 ($dff) from module $paramod$ecd21929fa1be150b80337ea55723d02e2dee35c\fifo (D = $0$memwr$\mem$rtl/fifo.sv:38$188_DATA[15:0]$191, Q = \mem[1]).
Adding EN signal on $memory\mem[15]$1153 ($dff) from module $paramod$ecd21929fa1be150b80337ea55723d02e2dee35c\fifo (D = $0$memwr$\mem$rtl/fifo.sv:38$188_DATA[15:0]$191, Q = \mem[15]).
Adding EN signal on $memory\mem[14]$1151 ($dff) from module $paramod$ecd21929fa1be150b80337ea55723d02e2dee35c\fifo (D = $0$memwr$\mem$rtl/fifo.sv:38$188_DATA[15:0]$191, Q = \mem[14]).
Adding EN signal on $memory\mem[13]$1149 ($dff) from module $paramod$ecd21929fa1be150b80337ea55723d02e2dee35c\fifo (D = $0$memwr$\mem$rtl/fifo.sv:38$188_DATA[15:0]$191, Q = \mem[13]).
Adding EN signal on $memory\mem[12]$1147 ($dff) from module $paramod$ecd21929fa1be150b80337ea55723d02e2dee35c\fifo (D = $0$memwr$\mem$rtl/fifo.sv:38$188_DATA[15:0]$191, Q = \mem[12]).
Adding EN signal on $memory\mem[11]$1145 ($dff) from module $paramod$ecd21929fa1be150b80337ea55723d02e2dee35c\fifo (D = $0$memwr$\mem$rtl/fifo.sv:38$188_DATA[15:0]$191, Q = \mem[11]).
Adding EN signal on $memory\mem[10]$1143 ($dff) from module $paramod$ecd21929fa1be150b80337ea55723d02e2dee35c\fifo (D = $0$memwr$\mem$rtl/fifo.sv:38$188_DATA[15:0]$191, Q = \mem[10]).
Adding EN signal on $memory\mem[0]$1123 ($dff) from module $paramod$ecd21929fa1be150b80337ea55723d02e2dee35c\fifo (D = $0$memwr$\mem$rtl/fifo.sv:38$188_DATA[15:0]$191, Q = \mem[0]).

15.14. Executing OPT_CLEAN pass (remove unused cells and wires).
Finding unused cells or wires in module $paramod$ecd21929fa1be150b80337ea55723d02e2dee35c\fifo..
Finding unused cells or wires in module $paramod\accumulator\NUM_MAC=s32'00000000000000000000000000000100..
Finding unused cells or wires in module $paramod\mac_array\NUM_MAC=s32'00000000000000000000000000000100..
Finding unused cells or wires in module \feature_extract..
Finding unused cells or wires in module \raese..
Finding unused cells or wires in module \scheduler..
Finding unused cells or wires in module \sparse_encoder..
Finding unused cells or wires in module \top..
Removed 16 unused cells and 16 unused wires.
<suppressed ~17 debug messages>

15.15. Executing OPT_EXPR pass (perform const folding).
Optimizing module $paramod$ecd21929fa1be150b80337ea55723d02e2dee35c\fifo.
Optimizing module $paramod\accumulator\NUM_MAC=s32'00000000000000000000000000000100.
Optimizing module $paramod\mac_array\NUM_MAC=s32'00000000000000000000000000000100.
Optimizing module feature_extract.
Optimizing module raese.
Optimizing module scheduler.
Optimizing module sparse_encoder.
Optimizing module top.

15.16. Rerunning OPT passes. (Maybe there is more to do..)

15.17. Executing OPT_MUXTREE pass (detect dead branches in mux trees).
Running muxtree optimizer on module $paramod$ecd21929fa1be150b80337ea55723d02e2dee35c\fifo..
  Creating internal representation of mux trees.
  Evaluating internal representation of mux trees.
  Analyzing evaluation results.
Running muxtree optimizer on module $paramod\accumulator\NUM_MAC=s32'00000000000000000000000000000100..
  Creating internal representation of mux trees.
  Evaluating internal representation of mux trees.
  Analyzing evaluation results.
Running muxtree optimizer on module $paramod\mac_array\NUM_MAC=s32'00000000000000000000000000000100..
  Creating internal representation of mux trees.
  Evaluating internal representation of mux trees.
  Analyzing evaluation results.
Running muxtree optimizer on module \feature_extract..
  Creating internal representation of mux trees.
  Evaluating internal representation of mux trees.
  Analyzing evaluation results.
Running muxtree optimizer on module \raese..
  Creating internal representation of mux trees.
  Evaluating internal representation of mux trees.
  Analyzing evaluation results.
Running muxtree optimizer on module \scheduler..
  Creating internal representation of mux trees.
  Evaluating internal representation of mux trees.
  Analyzing evaluation results.
Running muxtree optimizer on module \sparse_encoder..
  Creating internal representation of mux trees.
  Evaluating internal representation of mux trees.
  Analyzing evaluation results.
Running muxtree optimizer on module \top..
  Creating internal representation of mux trees.
  Evaluating internal representation of mux trees.
  Analyzing evaluation results.
Removed 0 multiplexer ports.
<suppressed ~31 debug messages>

15.18. Executing OPT_REDUCE pass (consolidate $*mux and $reduce_* inputs).
  Optimizing cells in module $paramod$ecd21929fa1be150b80337ea55723d02e2dee35c\fifo.
  Optimizing cells in module $paramod\accumulator\NUM_MAC=s32'00000000000000000000000000000100.
  Optimizing cells in module $paramod\mac_array\NUM_MAC=s32'00000000000000000000000000000100.
  Optimizing cells in module \feature_extract.
  Optimizing cells in module \raese.
  Optimizing cells in module \scheduler.
  Optimizing cells in module \sparse_encoder.
  Optimizing cells in module \top.
Performed a total of 0 changes.

15.19. Executing OPT_MERGE pass (detect identical cells).
Finding identical cells in module `$paramod$ecd21929fa1be150b80337ea55723d02e2dee35c\fifo'.
Finding identical cells in module `$paramod\accumulator\NUM_MAC=s32'00000000000000000000000000000100'.
Finding identical cells in module `$paramod\mac_array\NUM_MAC=s32'00000000000000000000000000000100'.
Finding identical cells in module `\feature_extract'.
Finding identical cells in module `\raese'.
Finding identical cells in module `\scheduler'.
Finding identical cells in module `\sparse_encoder'.
Finding identical cells in module `\top'.
Removed a total of 0 cells.

15.20. Executing OPT_DFF pass (perform DFF optimizations).

15.21. Executing OPT_CLEAN pass (remove unused cells and wires).
Finding unused cells or wires in module $paramod$ecd21929fa1be150b80337ea55723d02e2dee35c\fifo..
Finding unused cells or wires in module $paramod\accumulator\NUM_MAC=s32'00000000000000000000000000000100..
Finding unused cells or wires in module $paramod\mac_array\NUM_MAC=s32'00000000000000000000000000000100..
Finding unused cells or wires in module \feature_extract..
Finding unused cells or wires in module \raese..
Finding unused cells or wires in module \scheduler..
Finding unused cells or wires in module \sparse_encoder..
Finding unused cells or wires in module \top..

15.22. Executing OPT_EXPR pass (perform const folding).
Optimizing module $paramod$ecd21929fa1be150b80337ea55723d02e2dee35c\fifo.
Optimizing module $paramod\accumulator\NUM_MAC=s32'00000000000000000000000000000100.
Optimizing module $paramod\mac_array\NUM_MAC=s32'00000000000000000000000000000100.
Optimizing module feature_extract.
Optimizing module raese.
Optimizing module scheduler.
Optimizing module sparse_encoder.
Optimizing module top.

15.23. Finished OPT passes. (There is nothing left to do.)

16. Executing TECHMAP pass (map to technology primitives).

16.1. Executing Verilog-2005 frontend: /usr/bin/../share/yosys/techmap.v
Parsing Verilog input from `/usr/bin/../share/yosys/techmap.v' to AST representation.
Generating RTLIL representation for module `\_90_simplemap_bool_ops'.
Generating RTLIL representation for module `\_90_simplemap_reduce_ops'.
Generating RTLIL representation for module `\_90_simplemap_logic_ops'.
Generating RTLIL representation for module `\_90_simplemap_compare_ops'.
Generating RTLIL representation for module `\_90_simplemap_various'.
Generating RTLIL representation for module `\_90_simplemap_registers'.
Generating RTLIL representation for module `\_90_shift_ops_shr_shl_sshl_sshr'.
Generating RTLIL representation for module `\_90_shift_shiftx'.
Generating RTLIL representation for module `\_90_fa'.
Generating RTLIL representation for module `\_90_lcu'.
Generating RTLIL representation for module `\_90_alu'.
Generating RTLIL representation for module `\_90_macc'.
Generating RTLIL representation for module `\_90_alumacc'.
Generating RTLIL representation for module `\$__div_mod_u'.
Generating RTLIL representation for module `\$__div_mod_trunc'.
Generating RTLIL representation for module `\_90_div'.
Generating RTLIL representation for module `\_90_mod'.
Generating RTLIL representation for module `\$__div_mod_floor'.
Generating RTLIL representation for module `\_90_divfloor'.
Generating RTLIL representation for module `\_90_modfloor'.
Generating RTLIL representation for module `\_90_pow'.
Generating RTLIL representation for module `\_90_pmux'.
Generating RTLIL representation for module `\_90_demux'.
Generating RTLIL representation for module `\_90_lut'.
Successfully finished Verilog frontend.

16.2. Continuing TECHMAP pass.
Using extmapper simplemap for cells of type $mux.
Using extmapper simplemap for cells of type $logic_not.
Using extmapper simplemap for cells of type $logic_and.
Using extmapper simplemap for cells of type $sdff.
Using extmapper simplemap for cells of type $sdffe.
Using extmapper simplemap for cells of type $reduce_bool.
Using extmapper simplemap for cells of type $eq.
Using extmapper simplemap for cells of type $logic_or.
Running "alumacc" on wrapper $extern:wrap:$gt:A_SIGNED=1:A_WIDTH=32:B_SIGNED=1:B_WIDTH=32:Y_WIDTH=1:394426c56d1a028ba8fdd5469b163e04011def47.
Using template $extern:wrap:$gt:A_SIGNED=1:A_WIDTH=32:B_SIGNED=1:B_WIDTH=32:Y_WIDTH=1:394426c56d1a028ba8fdd5469b163e04011def47 for cells of type $extern:wrap:$gt:A_SIGNED=1:A_WIDTH=32:B_SIGNED=1:B_WIDTH=32:Y_WIDTH=1:394426c56d1a028ba8fdd5469b163e04011def47.
Running "alumacc" on wrapper $extern:wrap:$lt:A_SIGNED=1:A_WIDTH=32:B_SIGNED=1:B_WIDTH=32:Y_WIDTH=1:394426c56d1a028ba8fdd5469b163e04011def47.
Using template $extern:wrap:$lt:A_SIGNED=1:A_WIDTH=32:B_SIGNED=1:B_WIDTH=32:Y_WIDTH=1:394426c56d1a028ba8fdd5469b163e04011def47 for cells of type $extern:wrap:$lt:A_SIGNED=1:A_WIDTH=32:B_SIGNED=1:B_WIDTH=32:Y_WIDTH=1:394426c56d1a028ba8fdd5469b163e04011def47.
Running "alumacc" on wrapper $extern:wrap:$gt:A_SIGNED=0:A_WIDTH=32:B_SIGNED=0:B_WIDTH=32:Y_WIDTH=1:394426c56d1a028ba8fdd5469b163e04011def47.
Using template $extern:wrap:$gt:A_SIGNED=0:A_WIDTH=32:B_SIGNED=0:B_WIDTH=32:Y_WIDTH=1:394426c56d1a028ba8fdd5469b163e04011def47 for cells of type $extern:wrap:$gt:A_SIGNED=0:A_WIDTH=32:B_SIGNED=0:B_WIDTH=32:Y_WIDTH=1:394426c56d1a028ba8fdd5469b163e04011def47.
Using extmapper simplemap for cells of type $reduce_and.
Using extmapper simplemap for cells of type $not.
Using extmapper simplemap for cells of type $reduce_or.
Using template $paramod$fbc7873bff55778c0b3173955b7e4bce1d9d6834\_90_alu for cells of type $alu.
Using template $paramod$2653f68ddb8eab7b1907b4a20767b72a824a7a36\_90_alu for cells of type $alu.
Using extmapper simplemap for cells of type $xor.
Using extmapper simplemap for cells of type $or.
Using extmapper simplemap for cells of type $and.
Using template $paramod\_90_lcu\WIDTH=32'00000000000000000000000000100000 for cells of type $lcu.
Using extmapper simplemap for cells of type $pos.
Using template $paramod$d629d85c8826a74239b9178d1930215a43b0ceb0\_90_pmux for cells of type $pmux.
Using template $paramod$068ad458e7761d78e5eed8238508872e7b0aef95\_90_pmux for cells of type $pmux.
Using extmapper simplemap for cells of type $ne.
Running "alumacc" on wrapper $extern:wrap:$ge:A_SIGNED=0:A_WIDTH=17:B_SIGNED=0:B_WIDTH=17:Y_WIDTH=1:394426c56d1a028ba8fdd5469b163e04011def47.
Using template $extern:wrap:$ge:A_SIGNED=0:A_WIDTH=17:B_SIGNED=0:B_WIDTH=17:Y_WIDTH=1:394426c56d1a028ba8fdd5469b163e04011def47 for cells of type $extern:wrap:$ge:A_SIGNED=0:A_WIDTH=17:B_SIGNED=0:B_WIDTH=17:Y_WIDTH=1:394426c56d1a028ba8fdd5469b163e04011def47.
Running "alumacc" on wrapper $extern:wrap:$sub:A_SIGNED=0:A_WIDTH=17:B_SIGNED=0:B_WIDTH=17:Y_WIDTH=17:394426c56d1a028ba8fdd5469b163e04011def47.
Using template $extern:wrap:$sub:A_SIGNED=0:A_WIDTH=17:B_SIGNED=0:B_WIDTH=17:Y_WIDTH=17:394426c56d1a028ba8fdd5469b163e04011def47 for cells of type $extern:wrap:$sub:A_SIGNED=0:A_WIDTH=17:B_SIGNED=0:B_WIDTH=17:Y_WIDTH=17:394426c56d1a028ba8fdd5469b163e04011def47.
Running "alumacc" on wrapper $extern:wrap:$add:A_SIGNED=0:A_WIDTH=17:B_SIGNED=0:B_WIDTH=17:Y_WIDTH=17:394426c56d1a028ba8fdd5469b163e04011def47.
Using template $extern:wrap:$add:A_SIGNED=0:A_WIDTH=17:B_SIGNED=0:B_WIDTH=17:Y_WIDTH=17:394426c56d1a028ba8fdd5469b163e04011def47 for cells of type $extern:wrap:$add:A_SIGNED=0:A_WIDTH=17:B_SIGNED=0:B_WIDTH=17:Y_WIDTH=17:394426c56d1a028ba8fdd5469b163e04011def47.
Running "alumacc" on wrapper $extern:wrap:$gt:A_SIGNED=1:A_WIDTH=16:B_SIGNED=1:B_WIDTH=32:Y_WIDTH=1:394426c56d1a028ba8fdd5469b163e04011def47.
Using template $extern:wrap:$gt:A_SIGNED=1:A_WIDTH=16:B_SIGNED=1:B_WIDTH=32:Y_WIDTH=1:394426c56d1a028ba8fdd5469b163e04011def47 for cells of type $extern:wrap:$gt:A_SIGNED=1:A_WIDTH=16:B_SIGNED=1:B_WIDTH=32:Y_WIDTH=1:394426c56d1a028ba8fdd5469b163e04011def47.
Running "alumacc" on wrapper $extern:wrap:$lt:A_SIGNED=1:A_WIDTH=16:B_SIGNED=1:B_WIDTH=32:Y_WIDTH=1:394426c56d1a028ba8fdd5469b163e04011def47.
Using template $extern:wrap:$lt:A_SIGNED=1:A_WIDTH=16:B_SIGNED=1:B_WIDTH=32:Y_WIDTH=1:394426c56d1a028ba8fdd5469b163e04011def47 for cells of type $extern:wrap:$lt:A_SIGNED=1:A_WIDTH=16:B_SIGNED=1:B_WIDTH=32:Y_WIDTH=1:394426c56d1a028ba8fdd5469b163e04011def47.
Running "alumacc" on wrapper $extern:wrap:$add:A_SIGNED=1:A_WIDTH=32:B_SIGNED=1:B_WIDTH=32:Y_WIDTH=32:394426c56d1a028ba8fdd5469b163e04011def47.
Using template $extern:wrap:$add:A_SIGNED=1:A_WIDTH=32:B_SIGNED=1:B_WIDTH=32:Y_WIDTH=32:394426c56d1a028ba8fdd5469b163e04011def47 for cells of type $extern:wrap:$add:A_SIGNED=1:A_WIDTH=32:B_SIGNED=1:B_WIDTH=32:Y_WIDTH=32:394426c56d1a028ba8fdd5469b163e04011def47.
Running "alumacc" on wrapper $extern:wrap:$gt:A_SIGNED=0:A_WIDTH=17:B_SIGNED=0:B_WIDTH=17:Y_WIDTH=1:394426c56d1a028ba8fdd5469b163e04011def47.
Using template $extern:wrap:$gt:A_SIGNED=0:A_WIDTH=17:B_SIGNED=0:B_WIDTH=17:Y_WIDTH=1:394426c56d1a028ba8fdd5469b163e04011def47 for cells of type $extern:wrap:$gt:A_SIGNED=0:A_WIDTH=17:B_SIGNED=0:B_WIDTH=17:Y_WIDTH=1:394426c56d1a028ba8fdd5469b163e04011def47.
Running "alumacc" on wrapper $extern:wrap:$gt:A_SIGNED=0:A_WIDTH=16:B_SIGNED=0:B_WIDTH=16:Y_WIDTH=1:394426c56d1a028ba8fdd5469b163e04011def47.
Using template $extern:wrap:$gt:A_SIGNED=0:A_WIDTH=16:B_SIGNED=0:B_WIDTH=16:Y_WIDTH=1:394426c56d1a028ba8fdd5469b163e04011def47 for cells of type $extern:wrap:$gt:A_SIGNED=0:A_WIDTH=16:B_SIGNED=0:B_WIDTH=16:Y_WIDTH=1:394426c56d1a028ba8fdd5469b163e04011def47.
Running "alumacc" on wrapper $extern:wrap:$ge:A_SIGNED=1:A_WIDTH=32:B_SIGNED=1:B_WIDTH=32:Y_WIDTH=1:394426c56d1a028ba8fdd5469b163e04011def47.
Using template $extern:wrap:$ge:A_SIGNED=1:A_WIDTH=32:B_SIGNED=1:B_WIDTH=32:Y_WIDTH=1:394426c56d1a028ba8fdd5469b163e04011def47 for cells of type $extern:wrap:$ge:A_SIGNED=1:A_WIDTH=32:B_SIGNED=1:B_WIDTH=32:Y_WIDTH=1:394426c56d1a028ba8fdd5469b163e04011def47.
Running "alumacc" on wrapper $extern:wrap:$ge:A_SIGNED=0:A_WIDTH=16:B_SIGNED=0:B_WIDTH=16:Y_WIDTH=1:394426c56d1a028ba8fdd5469b163e04011def47.
Using template $extern:wrap:$ge:A_SIGNED=0:A_WIDTH=16:B_SIGNED=0:B_WIDTH=16:Y_WIDTH=1:394426c56d1a028ba8fdd5469b163e04011def47 for cells of type $extern:wrap:$ge:A_SIGNED=0:A_WIDTH=16:B_SIGNED=0:B_WIDTH=16:Y_WIDTH=1:394426c56d1a028ba8fdd5469b163e04011def47.
Running "alumacc" on wrapper $extern:wrap:$sub:A_SIGNED=0:A_WIDTH=16:B_SIGNED=0:B_WIDTH=16:Y_WIDTH=16:394426c56d1a028ba8fdd5469b163e04011def47.
Using template $extern:wrap:$sub:A_SIGNED=0:A_WIDTH=16:B_SIGNED=0:B_WIDTH=16:Y_WIDTH=16:394426c56d1a028ba8fdd5469b163e04011def47 for cells of type $extern:wrap:$sub:A_SIGNED=0:A_WIDTH=16:B_SIGNED=0:B_WIDTH=16:Y_WIDTH=16:394426c56d1a028ba8fdd5469b163e04011def47.
Running "alumacc" on wrapper $extern:wrap:$add:A_SIGNED=0:A_WIDTH=16:B_SIGNED=0:B_WIDTH=16:Y_WIDTH=16:394426c56d1a028ba8fdd5469b163e04011def47.
Using template $extern:wrap:$add:A_SIGNED=0:A_WIDTH=16:B_SIGNED=0:B_WIDTH=16:Y_WIDTH=16:394426c56d1a028ba8fdd5469b163e04011def47 for cells of type $extern:wrap:$add:A_SIGNED=0:A_WIDTH=16:B_SIGNED=0:B_WIDTH=16:Y_WIDTH=16:394426c56d1a028ba8fdd5469b163e04011def47.
Using template $paramod$3bb72ad0665cdca279bbc49ed6a39f403f16497f\_90_alu for cells of type $alu.
Using template $paramod$bee2d9b174e5d569acba3e70eed4e815564102b5\_90_alu for cells of type $alu.
Using template $paramod$6df0329addda9228fcc2546de2aaf14ad26c98e1\_90_alu for cells of type $alu.
Using template $paramod\_90_lcu\WIDTH=32'00000000000000000000000000010001 for cells of type $lcu.
Using template $paramod\_90_lcu\WIDTH=32'00000000000000000000000000010000 for cells of type $lcu.
Running "alumacc" on wrapper $extern:wrap:$sub:A_SIGNED=1:A_WIDTH=17:B_SIGNED=1:B_WIDTH=17:Y_WIDTH=17:394426c56d1a028ba8fdd5469b163e04011def47.
Using template $extern:wrap:$sub:A_SIGNED=1:A_WIDTH=17:B_SIGNED=1:B_WIDTH=17:Y_WIDTH=17:394426c56d1a028ba8fdd5469b163e04011def47 for cells of type $extern:wrap:$sub:A_SIGNED=1:A_WIDTH=17:B_SIGNED=1:B_WIDTH=17:Y_WIDTH=17:394426c56d1a028ba8fdd5469b163e04011def47.
Running "alumacc" on wrapper $extern:wrap:$lt:A_SIGNED=1:A_WIDTH=17:B_SIGNED=1:B_WIDTH=32:Y_WIDTH=1:394426c56d1a028ba8fdd5469b163e04011def47.
Using template $extern:wrap:$lt:A_SIGNED=1:A_WIDTH=17:B_SIGNED=1:B_WIDTH=32:Y_WIDTH=1:394426c56d1a028ba8fdd5469b163e04011def47 for cells of type $extern:wrap:$lt:A_SIGNED=1:A_WIDTH=17:B_SIGNED=1:B_WIDTH=32:Y_WIDTH=1:394426c56d1a028ba8fdd5469b163e04011def47.
Running "alumacc" on wrapper $extern:wrap:$neg:A_SIGNED=0:A_WIDTH=17:Y_WIDTH=17:394426c56d1a028ba8fdd5469b163e04011def47.
Using template $extern:wrap:$neg:A_SIGNED=0:A_WIDTH=17:Y_WIDTH=17:394426c56d1a028ba8fdd5469b163e04011def47 for cells of type $extern:wrap:$neg:A_SIGNED=0:A_WIDTH=17:Y_WIDTH=17:394426c56d1a028ba8fdd5469b163e04011def47.
Using template $paramod$0f9ec1a5c604af8320b4d806039a9d64938c6a2d\_90_alu for cells of type $alu.
Using template $paramod$bc9a1a373c8b23406f21260dc4a6bf3cdf25643a\_90_alu for cells of type $alu.
Using template $paramod$dcb69476c4ea50ae33010ee411a8318aa586292f\_90_alu for cells of type $alu.
Running "alumacc" on wrapper $extern:wrap:$mul:A_SIGNED=1:A_WIDTH=16:B_SIGNED=1:B_WIDTH=16:Y_WIDTH=16:394426c56d1a028ba8fdd5469b163e04011def47.
Using template $extern:wrap:$mul:A_SIGNED=1:A_WIDTH=16:B_SIGNED=1:B_WIDTH=16:Y_WIDTH=16:394426c56d1a028ba8fdd5469b163e04011def47 for cells of type $extern:wrap:$mul:A_SIGNED=1:A_WIDTH=16:B_SIGNED=1:B_WIDTH=16:Y_WIDTH=16:394426c56d1a028ba8fdd5469b163e04011def47.
Using extmapper maccmap for cells of type $macc.
  add { \data [7] \data [7] \data [7] \data [7] \data [7] \data [7] \data [7] \data [7] \data [7:0] } * { \weight [7] \weight [7] \weight [7] \weight [7] \weight [7] \weight [7] \weight [7] \weight [7] \weight [7:0] } (16x16 bits, signed)
  add { \data [15] \data [15] \data [15] \data [15] \data [15] \data [15] \data [15] \data [15] \data [15:8] } * { \weight [15] \weight [15] \weight [15] \weight [15] \weight [15] \weight [15] \weight [15] \weight [15] \weight [15:8] } (16x16 bits, signed)
  add { \data [23] \data [23] \data [23] \data [23] \data [23] \data [23] \data [23] \data [23] \data [23:16] } * { \weight [23] \weight [23] \weight [23] \weight [23] \weight [23] \weight [23] \weight [23] \weight [23] \weight [23:16] } (16x16 bits, signed)
  add { \data [31] \data [31] \data [31] \data [31] \data [31] \data [31] \data [31] \data [31] \data [31:24] } * { \weight [31] \weight [31] \weight [31] \weight [31] \weight [31] \weight [31] \weight [31] \weight [31] \weight [31:24] } (16x16 bits, signed)
Using template $paramod\_90_fa\WIDTH=32'00000000000000000000000000010000 for cells of type $fa.
Running "alumacc" on wrapper $extern:wrap:$add:A_SIGNED=1:A_WIDTH=18:B_SIGNED=1:B_WIDTH=18:Y_WIDTH=18:394426c56d1a028ba8fdd5469b163e04011def47.
Using template $extern:wrap:$add:A_SIGNED=1:A_WIDTH=18:B_SIGNED=1:B_WIDTH=18:Y_WIDTH=18:394426c56d1a028ba8fdd5469b163e04011def47 for cells of type $extern:wrap:$add:A_SIGNED=1:A_WIDTH=18:B_SIGNED=1:B_WIDTH=18:Y_WIDTH=18:394426c56d1a028ba8fdd5469b163e04011def47.
Running "alumacc" on wrapper $extern:wrap:$add:A_SIGNED=1:A_WIDTH=32:B_SIGNED=1:B_WIDTH=18:Y_WIDTH=32:394426c56d1a028ba8fdd5469b163e04011def47.
Using template $extern:wrap:$add:A_SIGNED=1:A_WIDTH=32:B_SIGNED=1:B_WIDTH=18:Y_WIDTH=32:394426c56d1a028ba8fdd5469b163e04011def47 for cells of type $extern:wrap:$add:A_SIGNED=1:A_WIDTH=32:B_SIGNED=1:B_WIDTH=18:Y_WIDTH=32:394426c56d1a028ba8fdd5469b163e04011def47.
Using template $paramod$fbcf46ed94b87f5a0d4aa07686f54f8c76ced033\_90_alu for cells of type $alu.
Using template $paramod$f9ff466c9b9a68555c41df08348b1615aa9bc5ec\_90_alu for cells of type $alu.
Using template $paramod\_90_lcu\WIDTH=32'00000000000000000000000000010010 for cells of type $lcu.
Using template $paramod$70d30c21ff772b34d0d1da2801fbd781dc3c70e4\_90_pmux for cells of type $pmux.
Using extmapper simplemap for cells of type $dffe.
Running "alumacc" on wrapper $extern:wrap:$add:A_SIGNED=0:A_WIDTH=4:B_SIGNED=0:B_WIDTH=1:Y_WIDTH=4:394426c56d1a028ba8fdd5469b163e04011def47.
Using template $extern:wrap:$add:A_SIGNED=0:A_WIDTH=4:B_SIGNED=0:B_WIDTH=1:Y_WIDTH=4:394426c56d1a028ba8fdd5469b163e04011def47 for cells of type $extern:wrap:$add:A_SIGNED=0:A_WIDTH=4:B_SIGNED=0:B_WIDTH=1:Y_WIDTH=4:394426c56d1a028ba8fdd5469b163e04011def47.
Running "alumacc" on wrapper $extern:wrap:$add:A_SIGNED=0:A_WIDTH=5:B_SIGNED=0:B_WIDTH=1:Y_WIDTH=5:394426c56d1a028ba8fdd5469b163e04011def47.
Using template $extern:wrap:$add:A_SIGNED=0:A_WIDTH=5:B_SIGNED=0:B_WIDTH=1:Y_WIDTH=5:394426c56d1a028ba8fdd5469b163e04011def47 for cells of type $extern:wrap:$add:A_SIGNED=0:A_WIDTH=5:B_SIGNED=0:B_WIDTH=1:Y_WIDTH=5:394426c56d1a028ba8fdd5469b163e04011def47.
Running "alumacc" on wrapper $extern:wrap:$sub:A_SIGNED=0:A_WIDTH=5:B_SIGNED=0:B_WIDTH=1:Y_WIDTH=5:394426c56d1a028ba8fdd5469b163e04011def47.
Using template $extern:wrap:$sub:A_SIGNED=0:A_WIDTH=5:B_SIGNED=0:B_WIDTH=1:Y_WIDTH=5:394426c56d1a028ba8fdd5469b163e04011def47 for cells of type $extern:wrap:$sub:A_SIGNED=0:A_WIDTH=5:B_SIGNED=0:B_WIDTH=1:Y_WIDTH=5:394426c56d1a028ba8fdd5469b163e04011def47.
Using template $paramod$32a7b7b86c07519b7537abc18e96f0331f97914d\_90_alu for cells of type $alu.
Using template $paramod$672a140277c71df8314410f22acc08d55222c3c7\_90_alu for cells of type $alu.
Using template $paramod$dc04b7d98e503a7bab16fce2df70e6e2c5ca34d6\_90_alu for cells of type $alu.
Using template $paramod\_90_lcu\WIDTH=32'00000000000000000000000000000100 for cells of type $lcu.
Using template $paramod\_90_lcu\WIDTH=32'00000000000000000000000000000101 for cells of type $lcu.
No more expansions possible.
<suppressed ~5998 debug messages>

17. Executing OPT pass (performing simple optimizations).

17.1. Executing OPT_EXPR pass (perform const folding).
Optimizing module $paramod$ecd21929fa1be150b80337ea55723d02e2dee35c\fifo.
<suppressed ~103 debug messages>
Optimizing module $paramod\accumulator\NUM_MAC=s32'00000000000000000000000000000100.
<suppressed ~103 debug messages>
Optimizing module $paramod\mac_array\NUM_MAC=s32'00000000000000000000000000000100.
<suppressed ~3357 debug messages>
Optimizing module feature_extract.
<suppressed ~344 debug messages>
Optimizing module raese.
<suppressed ~1492 debug messages>
Optimizing module scheduler.
<suppressed ~30 debug messages>
Optimizing module sparse_encoder.
<suppressed ~1265 debug messages>
Optimizing module top.

17.2. Executing OPT_MERGE pass (detect identical cells).
Finding identical cells in module `$paramod$ecd21929fa1be150b80337ea55723d02e2dee35c\fifo'.
<suppressed ~39 debug messages>
Finding identical cells in module `$paramod\accumulator\NUM_MAC=s32'00000000000000000000000000000100'.
<suppressed ~18 debug messages>
Finding identical cells in module `$paramod\mac_array\NUM_MAC=s32'00000000000000000000000000000100'.
<suppressed ~1656 debug messages>
Finding identical cells in module `\feature_extract'.
<suppressed ~627 debug messages>
Finding identical cells in module `\raese'.
<suppressed ~2853 debug messages>
Finding identical cells in module `\scheduler'.
<suppressed ~33 debug messages>
Finding identical cells in module `\sparse_encoder'.
<suppressed ~690 debug messages>
Finding identical cells in module `\top'.
Removed a total of 1972 cells.

17.3. Executing OPT_MUXTREE pass (detect dead branches in mux trees).
Running muxtree optimizer on module $paramod$ecd21929fa1be150b80337ea55723d02e2dee35c\fifo..
  Creating internal representation of mux trees.
  No muxes found in this module.
Running muxtree optimizer on module $paramod\accumulator\NUM_MAC=s32'00000000000000000000000000000100..
  Creating internal representation of mux trees.
  No muxes found in this module.
Running muxtree optimizer on module $paramod\mac_array\NUM_MAC=s32'00000000000000000000000000000100..
  Creating internal representation of mux trees.
  No muxes found in this module.
Running muxtree optimizer on module \feature_extract..
  Creating internal representation of mux trees.
  No muxes found in this module.
Running muxtree optimizer on module \raese..
  Creating internal representation of mux trees.
  No muxes found in this module.
Running muxtree optimizer on module \scheduler..
  Creating internal representation of mux trees.
  No muxes found in this module.
Running muxtree optimizer on module \sparse_encoder..
  Creating internal representation of mux trees.
  No muxes found in this module.
Running muxtree optimizer on module \top..
  Creating internal representation of mux trees.
  No muxes found in this module.
Removed 0 multiplexer ports.

17.4. Executing OPT_REDUCE pass (consolidate $*mux and $reduce_* inputs).
  Optimizing cells in module $paramod$ecd21929fa1be150b80337ea55723d02e2dee35c\fifo.
  Optimizing cells in module $paramod\accumulator\NUM_MAC=s32'00000000000000000000000000000100.
  Optimizing cells in module $paramod\mac_array\NUM_MAC=s32'00000000000000000000000000000100.
  Optimizing cells in module \feature_extract.
  Optimizing cells in module \raese.
  Optimizing cells in module \scheduler.
  Optimizing cells in module \sparse_encoder.
  Optimizing cells in module \top.
Performed a total of 0 changes.

17.5. Executing OPT_MERGE pass (detect identical cells).
Finding identical cells in module `$paramod$ecd21929fa1be150b80337ea55723d02e2dee35c\fifo'.
Finding identical cells in module `$paramod\accumulator\NUM_MAC=s32'00000000000000000000000000000100'.
Finding identical cells in module `$paramod\mac_array\NUM_MAC=s32'00000000000000000000000000000100'.
Finding identical cells in module `\feature_extract'.
Finding identical cells in module `\raese'.
Finding identical cells in module `\scheduler'.
Finding identical cells in module `\sparse_encoder'.
Finding identical cells in module `\top'.
Removed a total of 0 cells.

17.6. Executing OPT_DFF pass (perform DFF optimizations).

17.7. Executing OPT_CLEAN pass (remove unused cells and wires).
Finding unused cells or wires in module $paramod$ecd21929fa1be150b80337ea55723d02e2dee35c\fifo..
Finding unused cells or wires in module $paramod\accumulator\NUM_MAC=s32'00000000000000000000000000000100..
Finding unused cells or wires in module $paramod\mac_array\NUM_MAC=s32'00000000000000000000000000000100..
Finding unused cells or wires in module \feature_extract..
Finding unused cells or wires in module \raese..
Finding unused cells or wires in module \scheduler..
Finding unused cells or wires in module \sparse_encoder..
Finding unused cells or wires in module \top..
Removed 934 unused cells and 3999 unused wires.
<suppressed ~942 debug messages>

17.8. Executing OPT_EXPR pass (perform const folding).
Optimizing module $paramod$ecd21929fa1be150b80337ea55723d02e2dee35c\fifo.
Optimizing module $paramod\accumulator\NUM_MAC=s32'00000000000000000000000000000100.
Optimizing module $paramod\mac_array\NUM_MAC=s32'00000000000000000000000000000100.
Optimizing module feature_extract.
<suppressed ~12 debug messages>
Optimizing module raese.
<suppressed ~10 debug messages>
Optimizing module scheduler.
Optimizing module sparse_encoder.
<suppressed ~4 debug messages>
Optimizing module top.

17.9. Rerunning OPT passes. (Maybe there is more to do..)

17.10. Executing OPT_MUXTREE pass (detect dead branches in mux trees).
Running muxtree optimizer on module $paramod$ecd21929fa1be150b80337ea55723d02e2dee35c\fifo..
  Creating internal representation of mux trees.
  No muxes found in this module.
Running muxtree optimizer on module $paramod\accumulator\NUM_MAC=s32'00000000000000000000000000000100..
  Creating internal representation of mux trees.
  No muxes found in this module.
Running muxtree optimizer on module $paramod\mac_array\NUM_MAC=s32'00000000000000000000000000000100..
  Creating internal representation of mux trees.
  No muxes found in this module.
Running muxtree optimizer on module \feature_extract..
  Creating internal representation of mux trees.
  No muxes found in this module.
Running muxtree optimizer on module \raese..
  Creating internal representation of mux trees.
  No muxes found in this module.
Running muxtree optimizer on module \scheduler..
  Creating internal representation of mux trees.
  No muxes found in this module.
Running muxtree optimizer on module \sparse_encoder..
  Creating internal representation of mux trees.
  No muxes found in this module.
Running muxtree optimizer on module \top..
  Creating internal representation of mux trees.
  No muxes found in this module.
Removed 0 multiplexer ports.

17.11. Executing OPT_REDUCE pass (consolidate $*mux and $reduce_* inputs).
  Optimizing cells in module $paramod$ecd21929fa1be150b80337ea55723d02e2dee35c\fifo.
  Optimizing cells in module $paramod\accumulator\NUM_MAC=s32'00000000000000000000000000000100.
  Optimizing cells in module $paramod\mac_array\NUM_MAC=s32'00000000000000000000000000000100.
  Optimizing cells in module \feature_extract.
  Optimizing cells in module \raese.
  Optimizing cells in module \scheduler.
  Optimizing cells in module \sparse_encoder.
  Optimizing cells in module \top.
Performed a total of 0 changes.

17.12. Executing OPT_MERGE pass (detect identical cells).
Finding identical cells in module `$paramod$ecd21929fa1be150b80337ea55723d02e2dee35c\fifo'.
Finding identical cells in module `$paramod\accumulator\NUM_MAC=s32'00000000000000000000000000000100'.
Finding identical cells in module `$paramod\mac_array\NUM_MAC=s32'00000000000000000000000000000100'.
Finding identical cells in module `\feature_extract'.
<suppressed ~12 debug messages>
Finding identical cells in module `\raese'.
<suppressed ~6 debug messages>
Finding identical cells in module `\scheduler'.
Finding identical cells in module `\sparse_encoder'.
<suppressed ~3 debug messages>
Finding identical cells in module `\top'.
Removed a total of 7 cells.

17.13. Executing OPT_DFF pass (perform DFF optimizations).

17.14. Executing OPT_CLEAN pass (remove unused cells and wires).
Finding unused cells or wires in module $paramod$ecd21929fa1be150b80337ea55723d02e2dee35c\fifo..
Finding unused cells or wires in module $paramod\accumulator\NUM_MAC=s32'00000000000000000000000000000100..
Finding unused cells or wires in module $paramod\mac_array\NUM_MAC=s32'00000000000000000000000000000100..
Finding unused cells or wires in module \feature_extract..
Finding unused cells or wires in module \raese..
Finding unused cells or wires in module \scheduler..
Finding unused cells or wires in module \sparse_encoder..
Finding unused cells or wires in module \top..
Removed 0 unused cells and 22 unused wires.
<suppressed ~3 debug messages>

17.15. Executing OPT_EXPR pass (perform const folding).
Optimizing module $paramod$ecd21929fa1be150b80337ea55723d02e2dee35c\fifo.
Optimizing module $paramod\accumulator\NUM_MAC=s32'00000000000000000000000000000100.
Optimizing module $paramod\mac_array\NUM_MAC=s32'00000000000000000000000000000100.
Optimizing module feature_extract.
Optimizing module raese.
Optimizing module scheduler.
Optimizing module sparse_encoder.
Optimizing module top.

17.16. Rerunning OPT passes. (Maybe there is more to do..)

17.17. Executing OPT_MUXTREE pass (detect dead branches in mux trees).
Running muxtree optimizer on module $paramod$ecd21929fa1be150b80337ea55723d02e2dee35c\fifo..
  Creating internal representation of mux trees.
  No muxes found in this module.
Running muxtree optimizer on module $paramod\accumulator\NUM_MAC=s32'00000000000000000000000000000100..
  Creating internal representation of mux trees.
  No muxes found in this module.
Running muxtree optimizer on module $paramod\mac_array\NUM_MAC=s32'00000000000000000000000000000100..
  Creating internal representation of mux trees.
  No muxes found in this module.
Running muxtree optimizer on module \feature_extract..
  Creating internal representation of mux trees.
  No muxes found in this module.
Running muxtree optimizer on module \raese..
  Creating internal representation of mux trees.
  No muxes found in this module.
Running muxtree optimizer on module \scheduler..
  Creating internal representation of mux trees.
  No muxes found in this module.
Running muxtree optimizer on module \sparse_encoder..
  Creating internal representation of mux trees.
  No muxes found in this module.
Running muxtree optimizer on module \top..
  Creating internal representation of mux trees.
  No muxes found in this module.
Removed 0 multiplexer ports.

17.18. Executing OPT_REDUCE pass (consolidate $*mux and $reduce_* inputs).
  Optimizing cells in module $paramod$ecd21929fa1be150b80337ea55723d02e2dee35c\fifo.
  Optimizing cells in module $paramod\accumulator\NUM_MAC=s32'00000000000000000000000000000100.
  Optimizing cells in module $paramod\mac_array\NUM_MAC=s32'00000000000000000000000000000100.
  Optimizing cells in module \feature_extract.
  Optimizing cells in module \raese.
  Optimizing cells in module \scheduler.
  Optimizing cells in module \sparse_encoder.
  Optimizing cells in module \top.
Performed a total of 0 changes.

17.19. Executing OPT_MERGE pass (detect identical cells).
Finding identical cells in module `$paramod$ecd21929fa1be150b80337ea55723d02e2dee35c\fifo'.
Finding identical cells in module `$paramod\accumulator\NUM_MAC=s32'00000000000000000000000000000100'.
Finding identical cells in module `$paramod\mac_array\NUM_MAC=s32'00000000000000000000000000000100'.
Finding identical cells in module `\feature_extract'.
Finding identical cells in module `\raese'.
Finding identical cells in module `\scheduler'.
Finding identical cells in module `\sparse_encoder'.
Finding identical cells in module `\top'.
Removed a total of 0 cells.

17.20. Executing OPT_DFF pass (perform DFF optimizations).

17.21. Executing OPT_CLEAN pass (remove unused cells and wires).
Finding unused cells or wires in module $paramod$ecd21929fa1be150b80337ea55723d02e2dee35c\fifo..
Finding unused cells or wires in module $paramod\accumulator\NUM_MAC=s32'00000000000000000000000000000100..
Finding unused cells or wires in module $paramod\mac_array\NUM_MAC=s32'00000000000000000000000000000100..
Finding unused cells or wires in module \feature_extract..
Finding unused cells or wires in module \raese..
Finding unused cells or wires in module \scheduler..
Finding unused cells or wires in module \sparse_encoder..
Finding unused cells or wires in module \top..

17.22. Executing OPT_EXPR pass (perform const folding).
Optimizing module $paramod$ecd21929fa1be150b80337ea55723d02e2dee35c\fifo.
Optimizing module $paramod\accumulator\NUM_MAC=s32'00000000000000000000000000000100.
Optimizing module $paramod\mac_array\NUM_MAC=s32'00000000000000000000000000000100.
Optimizing module feature_extract.
Optimizing module raese.
Optimizing module scheduler.
Optimizing module sparse_encoder.
Optimizing module top.

17.23. Finished OPT passes. (There is nothing left to do.)

18. Executing ABC pass (technology mapping using ABC).

18.1. Extracting gate netlist of module `$paramod$ecd21929fa1be150b80337ea55723d02e2dee35c\fifo' to `<abc-temp-dir>/input.blif'..
Extracted 399 gates and 689 wires to a netlist network with 288 inputs and 66 outputs.

18.1.1. Executing ABC.
Running ABC command: "<yosys-exe-dir>/yosys-abc" -s -f <abc-temp-dir>/abc.script 2>&1
ABC: ABC command line: "source <abc-temp-dir>/abc.script".
ABC: 
ABC: + read_blif <abc-temp-dir>/input.blif 
ABC: + read_library <abc-temp-dir>/stdcells.genlib 
ABC: Entered genlib library with 8 gates from file "<abc-temp-dir>/stdcells.genlib".
ABC: + strash 
ABC: + &get -n 
ABC: + &fraig -x 
ABC: + &put 
ABC: + scorr 
ABC: Warning: The network is combinational (run "fraig" or "fraig_sweep").
ABC: + dc2 
ABC: + dretime 
ABC: + strash 
ABC: + &get -n 
ABC: + &dch -f 
ABC: + &nf 
ABC: + &put 
ABC: + write_blif <abc-temp-dir>/output.blif 

18.1.2. Re-integrating ABC results.
ABC RESULTS:               NOT cells:       16
ABC RESULTS:               MUX cells:      113
ABC RESULTS:                OR cells:      140
ABC RESULTS:               AND cells:      260
ABC RESULTS:               XOR cells:       12
ABC RESULTS:        internal signals:      335
ABC RESULTS:           input signals:      288
ABC RESULTS:          output signals:       66
Removing temp directory.

18.2. Extracting gate netlist of module `$paramod\accumulator\NUM_MAC=s32'00000000000000000000000000000100' to `<abc-temp-dir>/input.blif'..
Extracted 569 gates and 667 wires to a netlist network with 98 inputs and 33 outputs.

18.2.1. Executing ABC.
Running ABC command: "<yosys-exe-dir>/yosys-abc" -s -f <abc-temp-dir>/abc.script 2>&1
ABC: ABC command line: "source <abc-temp-dir>/abc.script".
ABC: 
ABC: + read_blif <abc-temp-dir>/input.blif 
ABC: + read_library <abc-temp-dir>/stdcells.genlib 
ABC: Entered genlib library with 8 gates from file "<abc-temp-dir>/stdcells.genlib".
ABC: + strash 
ABC: + &get -n 
ABC: + &fraig -x 
ABC: + &put 
ABC: + scorr 
ABC: Warning: The network is combinational (run "fraig" or "fraig_sweep").
ABC: + dc2 
ABC: + dretime 
ABC: + strash 
ABC: + &get -n 
ABC: + &dch -f 
ABC: + &nf 
ABC: + &put 
ABC: + write_blif <abc-temp-dir>/output.blif 

18.2.2. Re-integrating ABC results.
ABC RESULTS:               NOT cells:        7
ABC RESULTS:               AND cells:      161
ABC RESULTS:                OR cells:       90
ABC RESULTS:               MUX cells:        2
ABC RESULTS:               XOR cells:      160
ABC RESULTS:        internal signals:      536
ABC RESULTS:           input signals:       98
ABC RESULTS:          output signals:       33
Removing temp directory.

18.3. Extracting gate netlist of module `$paramod\mac_array\NUM_MAC=s32'00000000000000000000000000000100' to `<abc-temp-dir>/input.blif'..
Extracted 2244 gates and 2308 wires to a netlist network with 64 inputs and 64 outputs.

18.3.1. Executing ABC.
Running ABC command: "<yosys-exe-dir>/yosys-abc" -s -f <abc-temp-dir>/abc.script 2>&1
ABC: ABC command line: "source <abc-temp-dir>/abc.script".
ABC: 
ABC: + read_blif <abc-temp-dir>/input.blif 
ABC: + read_library <abc-temp-dir>/stdcells.genlib 
ABC: Entered genlib library with 8 gates from file "<abc-temp-dir>/stdcells.genlib".
ABC: + strash 
ABC: + &get -n 
ABC: + &fraig -x 
ABC: + &put 
ABC: + scorr 
ABC: Warning: The network is combinational (run "fraig" or "fraig_sweep").
ABC: + dc2 
ABC: + dretime 
ABC: + strash 
ABC: + &get -n 
ABC: + &dch -f 
ABC: + &nf 
ABC: + &put 
ABC: + write_blif <abc-temp-dir>/output.blif 

18.3.2. Re-integrating ABC results.
ABC RESULTS:               MUX cells:        4
ABC RESULTS:               NOT cells:       96
ABC RESULTS:                OR cells:      372
ABC RESULTS:               XOR cells:      840
ABC RESULTS:               AND cells:     1024
ABC RESULTS:        internal signals:     2180
ABC RESULTS:           input signals:       64
ABC RESULTS:          output signals:       64
Removing temp directory.

18.4. Extracting gate netlist of module `\feature_extract' to `<abc-temp-dir>/input.blif'..
Extracted 558 gates and 610 wires to a netlist network with 51 inputs and 48 outputs.

18.4.1. Executing ABC.
Running ABC command: "<yosys-exe-dir>/yosys-abc" -s -f <abc-temp-dir>/abc.script 2>&1
ABC: ABC command line: "source <abc-temp-dir>/abc.script".
ABC: 
ABC: + read_blif <abc-temp-dir>/input.blif 
ABC: + read_library <abc-temp-dir>/stdcells.genlib 
ABC: Entered genlib library with 8 gates from file "<abc-temp-dir>/stdcells.genlib".
ABC: + strash 
ABC: + &get -n 
ABC: + &fraig -x 
ABC: + &put 
ABC: + scorr 
ABC: Warning: The network is combinational (run "fraig" or "fraig_sweep").
ABC: + dc2 
ABC: + dretime 
ABC: + strash 
ABC: + &get -n 
ABC: + &dch -f 
ABC: + &nf 
ABC: + &put 
ABC: + write_blif <abc-temp-dir>/output.blif 

18.4.2. Re-integrating ABC results.
ABC RESULTS:               XOR cells:       60
ABC RESULTS:               NOT cells:      107
ABC RESULTS:                OR cells:      157
ABC RESULTS:               MUX cells:       23
ABC RESULTS:               AND cells:      209
ABC RESULTS:        internal signals:      511
ABC RESULTS:           input signals:       51
ABC RESULTS:          output signals:       48
Removing temp directory.

18.5. Extracting gate netlist of module `\raese' to `<abc-temp-dir>/input.blif'..
Extracted 1499 gates and 1635 wires to a netlist network with 133 inputs and 86 outputs.

18.5.1. Executing ABC.
Running ABC command: "<yosys-exe-dir>/yosys-abc" -s -f <abc-temp-dir>/abc.script 2>&1
ABC: ABC command line: "source <abc-temp-dir>/abc.script".
ABC: 
ABC: + read_blif <abc-temp-dir>/input.blif 
ABC: + read_library <abc-temp-dir>/stdcells.genlib 
ABC: Entered genlib library with 8 gates from file "<abc-temp-dir>/stdcells.genlib".
ABC: + strash 
ABC: + &get -n 
ABC: + &fraig -x 
ABC: + &put 
ABC: + scorr 
ABC: Warning: The network is combinational (run "fraig" or "fraig_sweep").
ABC: + dc2 
ABC: + dretime 
ABC: + strash 
ABC: + &get -n 
ABC: + &dch -f 
ABC: + &nf 
ABC: + &put 
ABC: + write_blif <abc-temp-dir>/output.blif 

18.5.2. Re-integrating ABC results.
ABC RESULTS:               MUX cells:       38
ABC RESULTS:               XOR cells:      149
ABC RESULTS:               NOT cells:      145
ABC RESULTS:                OR cells:      370
ABC RESULTS:               AND cells:      429
ABC RESULTS:        internal signals:     1416
ABC RESULTS:           input signals:      133
ABC RESULTS:          output signals:       86
Removing temp directory.

18.6. Extracting gate netlist of module `\scheduler' to `<abc-temp-dir>/input.blif'..
Extracted 65 gates and 81 wires to a netlist network with 13 inputs and 6 outputs.

18.6.1. Executing ABC.
Running ABC command: "<yosys-exe-dir>/yosys-abc" -s -f <abc-temp-dir>/abc.script 2>&1
ABC: ABC command line: "source <abc-temp-dir>/abc.script".
ABC: 
ABC: + read_blif <abc-temp-dir>/input.blif 
ABC: + read_library <abc-temp-dir>/stdcells.genlib 
ABC: Entered genlib library with 8 gates from file "<abc-temp-dir>/stdcells.genlib".
ABC: + strash 
ABC: + &get -n 
ABC: + &fraig -x 
ABC: + &put 
ABC: + scorr 
ABC: Warning: The network is combinational (run "fraig" or "fraig_sweep").
ABC: + dc2 
ABC: + dretime 
ABC: + strash 
ABC: + &get -n 
ABC: + &dch -f 
ABC: + &nf 
ABC: + &put 
ABC: + write_blif <abc-temp-dir>/output.blif 

18.6.2. Re-integrating ABC results.
ABC RESULTS:               XOR cells:        1
ABC RESULTS:               NOT cells:        5
ABC RESULTS:               MUX cells:        1
ABC RESULTS:               AND cells:       15
ABC RESULTS:                OR cells:       16
ABC RESULTS:        internal signals:       62
ABC RESULTS:           input signals:       13
ABC RESULTS:          output signals:        6
Removing temp directory.

18.7. Extracting gate netlist of module `\sparse_encoder' to `<abc-temp-dir>/input.blif'..
Extracted 171 gates and 213 wires to a netlist network with 40 inputs and 35 outputs.

18.7.1. Executing ABC.
Running ABC command: "<yosys-exe-dir>/yosys-abc" -s -f <abc-temp-dir>/abc.script 2>&1
ABC: ABC command line: "source <abc-temp-dir>/abc.script".
ABC: 
ABC: + read_blif <abc-temp-dir>/input.blif 
ABC: + read_library <abc-temp-dir>/stdcells.genlib 
ABC: Entered genlib library with 8 gates from file "<abc-temp-dir>/stdcells.genlib".
ABC: + strash 
ABC: + &get -n 
ABC: + &fraig -x 
ABC: + &put 
ABC: + scorr 
ABC: Warning: The network is combinational (run "fraig" or "fraig_sweep").
ABC: + dc2 
ABC: + dretime 
ABC: + strash 
ABC: + &get -n 
ABC: + &dch -f 
ABC: + &nf 
ABC: + &put 
ABC: + write_blif <abc-temp-dir>/output.blif 

18.7.2. Re-integrating ABC results.
ABC RESULTS:               NOT cells:        2
ABC RESULTS:               XOR cells:        1
ABC RESULTS:               AND cells:        9
ABC RESULTS:                OR cells:       33
ABC RESULTS:              ZERO cells:        3
ABC RESULTS:               BUF cells:        1
ABC RESULTS:        internal signals:      138
ABC RESULTS:           input signals:       40
ABC RESULTS:          output signals:       35
Removing temp directory.

18.8. Extracting gate netlist of module `\top' to `<abc-temp-dir>/input.blif'..
Extracted 6 gates and 14 wires to a netlist network with 5 inputs and 4 outputs.

18.8.1. Executing ABC.
Running ABC command: "<yosys-exe-dir>/yosys-abc" -s -f <abc-temp-dir>/abc.script 2>&1
ABC: ABC command line: "source <abc-temp-dir>/abc.script".
ABC: 
ABC: + read_blif <abc-temp-dir>/input.blif 
ABC: + read_library <abc-temp-dir>/stdcells.genlib 
ABC: Entered genlib library with 8 gates from file "<abc-temp-dir>/stdcells.genlib".
ABC: + strash 
ABC: + &get -n 
ABC: + &fraig -x 
ABC: + &put 
ABC: + scorr 
ABC: Warning: The network is combinational (run "fraig" or "fraig_sweep").
ABC: + dc2 
ABC: + dretime 
ABC: + strash 
ABC: + &get -n 
ABC: + &dch -f 
ABC: + &nf 
ABC: + &put 
ABC: + write_blif <abc-temp-dir>/output.blif 

18.8.2. Re-integrating ABC results.
ABC RESULTS:               NOT cells:        2
ABC RESULTS:                OR cells:        1
ABC RESULTS:               AND cells:        1
ABC RESULTS:               BUF cells:        1
ABC RESULTS:        internal signals:        5
ABC RESULTS:           input signals:        5
ABC RESULTS:          output signals:        4
Removing temp directory.

19. Executing OPT_CLEAN pass (remove unused cells and wires).
Finding unused cells or wires in module $paramod$ecd21929fa1be150b80337ea55723d02e2dee35c\fifo..
Finding unused cells or wires in module $paramod\accumulator\NUM_MAC=s32'00000000000000000000000000000100..
Finding unused cells or wires in module $paramod\mac_array\NUM_MAC=s32'00000000000000000000000000000100..
Finding unused cells or wires in module \feature_extract..
Finding unused cells or wires in module \raese..
Finding unused cells or wires in module \scheduler..
Finding unused cells or wires in module \sparse_encoder..
Finding unused cells or wires in module \top..
Removed 0 unused cells and 2411 unused wires.
<suppressed ~16 debug messages>

20. Printing statistics.

=== $paramod$ecd21929fa1be150b80337ea55723d02e2dee35c\fifo ===

   Number of wires:                528
   Number of wire bits:            869
   Number of public wires:          27
   Number of public wire bits:     307
   Number of memories:               0
   Number of memory bits:            0
   Number of processes:              0
   Number of cells:                826
     $_AND_                        260
     $_DFFE_PP_                    256
     $_MUX_                        113
     $_NOT_                         16
     $_OR_                         140
     $_SDFFE_PP0P_                  29
     $_XOR_                         12

=== $paramod\accumulator\NUM_MAC=s32'00000000000000000000000000000100 ===

   Number of wires:                398
   Number of wire bits:            585
   Number of public wires:           8
   Number of public wire bits:     133
   Number of memories:               0
   Number of memory bits:            0
   Number of processes:              0
   Number of cells:                453
     $_AND_                        161
     $_MUX_                          2
     $_NOT_                          7
     $_OR_                          90
     $_SDFFE_PP0P_                  32
     $_SDFF_PP0_                     1
     $_XOR_                        160

=== $paramod\mac_array\NUM_MAC=s32'00000000000000000000000000000100 ===

   Number of wires:               2315
   Number of wire bits:           2980
   Number of public wires:           7
   Number of public wire bits:     132
   Number of memories:               0
   Number of memory bits:            0
   Number of processes:              0
   Number of cells:               2401
     $_AND_                       1024
     $_MUX_                          4
     $_NOT_                         96
     $_OR_                         372
     $_SDFFE_PP0P_                  64
     $_SDFF_PP0_                     1
     $_XOR_                        840

=== feature_extract ===

   Number of wires:                567
   Number of wire bits:            657
   Number of public wires:          11
   Number of public wire bits:     101
   Number of memories:               0
   Number of memory bits:            0
   Number of processes:              0
   Number of cells:                621
     $_AND_                        209
     $_MUX_                         23
     $_NOT_                        107
     $_OR_                         157
     $_SDFFE_PP0P_                  64
     $_SDFF_PP0_                     1
     $_XOR_                         60

=== raese ===

   Number of wires:               1148
   Number of wire bits:           1317
   Number of public wires:          17
   Number of public wire bits:     186
   Number of memories:               0
   Number of memory bits:            0
   Number of processes:              0
   Number of cells:               1217
     $_AND_                        429
     $_MUX_                         38
     $_NOT_                        145
     $_OR_                         370
     $_SDFFE_PP0P_                  85
     $_SDFF_PP0_                     1
     $_XOR_                        149

=== scheduler ===

   Number of wires:                 50
   Number of wire bits:             74
   Number of public wires:          13
   Number of public wire bits:      34
   Number of memories:               0
   Number of memory bits:            0
   Number of processes:              0
   Number of cells:                 42
     $_AND_                         15
     $_MUX_                          1
     $_NOT_                          5
     $_OR_                          16
     $_SDFFE_PP0P_                   3
     $_SDFF_PP0_                     1
     $_XOR_                          1

=== sparse_encoder ===

   Number of wires:                 42
   Number of wire bits:            343
   Number of public wires:          21
   Number of public wire bits:     294
   Number of memories:               0
   Number of memory bits:            0
   Number of processes:              0
   Number of cells:                 78
     $_AND_                          9
     $_NOT_                          2
     $_OR_                          33
     $_SDFFE_PP0P_                  32
     $_SDFF_PP0_                     1
     $_XOR_                          1

=== top ===

   Number of wires:                 43
   Number of wire bits:            412
   Number of public wires:          41
   Number of public wire bits:     410
   Number of memories:               0
   Number of memory bits:            0
   Number of processes:              0
   Number of cells:                 13
     $_AND_                          1
     $_NOT_                          2
     $_OR_                           1
     $_SDFFE_PP0P_                   1
     $_SDFF_PP0_                     1
     $paramod$ecd21929fa1be150b80337ea55723d02e2dee35c\fifo      1
     $paramod\accumulator\NUM_MAC=s32'00000000000000000000000000000100      1
     $paramod\mac_array\NUM_MAC=s32'00000000000000000000000000000100      1
     feature_extract                 1
     raese                           1
     scheduler                       1
     sparse_encoder                  1

=== design hierarchy ===

   top                               1
     $paramod$ecd21929fa1be150b80337ea55723d02e2dee35c\fifo      1
     $paramod\accumulator\NUM_MAC=s32'00000000000000000000000000000100      1
     $paramod\mac_array\NUM_MAC=s32'00000000000000000000000000000100      1
     feature_extract                 1
     raese                           1
     scheduler                       1
     sparse_encoder                  1

   Number of wires:               5091
   Number of wire bits:           7237
   Number of public wires:         145
   Number of public wire bits:    1597
   Number of memories:               0
   Number of memory bits:            0
   Number of processes:              0
   Number of cells:               5644
     $_AND_                       2108
     $_DFFE_PP_                    256
     $_MUX_                        181
     $_NOT_                        380
     $_OR_                        1179
     $_SDFFE_PP0P_                 310
     $_SDFF_PP0_                     7
     $_XOR_                       1223

21. Executing Verilog backend.

21.1. Executing BMUXMAP pass.

21.2. Executing DEMUXMAP pass.
Dumping module `$paramod$ecd21929fa1be150b80337ea55723d02e2dee35c\fifo'.
Dumping module `$paramod\accumulator\NUM_MAC=s32'00000000000000000000000000000100'.
Dumping module `$paramod\mac_array\NUM_MAC=s32'00000000000000000000000000000100'.
Dumping module `\feature_extract'.
Dumping module `\raese'.
Dumping module `\scheduler'.
Dumping module `\sparse_encoder'.
Dumping module `\top'.

End of script. Logfile hash: 35ed59718d, CPU: user 1.78s system 0.08s, MEM: 55.80 MB peak
Yosys 0.33 (git sha1 2584903a060)
Time spent: 55% 1x abc (2 sec), 14% 27x opt_expr (0 sec), ...
